ID;chromosome;Start_coord;End_coord;Blood;SC_Fat;Muscle;Gene_centric;CGI_centric;Pval
cg00017461;chr22;30663316;30663316;.058946679;.550015338;.758684522;Proximal promoter;Non CGI;3.4E-18
cg00047287;chr22;51016899;51016899;.855008741;.737359784;.501302693;Proximal promoter;CpG islands;2.55E-11
cg00083659;chr22;37404577;37404577;.11866044;.47920586;.745246637;Proximal promoter;Non CGI;1.84E-15
cg00089100;chr22;26922951;26922951;.8439067;.817083916;.42469974;Gene body;Non CGI;5.73E-14
cg00143809;chr22;50720552;50720552;.80814305;.872549143;.503889466;Gene body;CpG islands;6.29E-10
cg00164898;chr22;50709127;50709127;.06010305;.067354346;.164945764;Proximal promoter;CpG islands;4.19E-13
cg00191625;chr22;40021996;40021996;.384776873;.422897166;.619121496;Gene body;Non CGI;6.95E-10
cg00204782;chr22;19753364;19753364;.127786453;.477993153;.505523511;Gene body;CpG islands;7.4E-10
cg00243272;chr22;50720468;50720468;.711777479;.790787769;.42808584;Gene body;CpG islands;9.13E-11
cg00265788;chr22;37912254;37912254;.901064328;.907021277;.682757205;Gene body;CpG islands;4.96E-11
cg00270625;chr22;51017019;51017019;.777238736;.487181123;.233706253;Proximal promoter;CpG islands;8.01E-11
cg00277246;chr22;36682870;36682870;.776585088;.627657147;.481785935;Gene body;Non CGI;4.98E-07
cg00304423;chr22;22875030;22875030;.820881964;.629144615;.655703663;Proximal promoter;Non CGI;7.5E-07
cg00308159;chr22;28198591;28198591;.120812271;.211045747;.49408151;Proximal promoter;CpG islands;1.1E-11
cg00384653;chr22;20237197;20237197;.823850925;.755905353;.655461883;Proximal promoter;Non CGI;2.55E-07
cg00390484;chr22;20019695;20019695;.5006993;.88700848;.928287866;Proximal promoter;Non CGI;1.93E-08
cg00411358;chr22;24577142;24577142;.8941901;.602183112;.674642523;Proximal promoter;Non CGI;3.76E-10
cg00417807;chr22;50169628;50169628;.956047577;.947599168;.72013207;Gene body;CpG islands;1.84E-11
cg00430484;chr22;38484679;38484679;.807904805;.652779762;.674033658;Gene body;CpG islands;1.08E-07
cg00458681;chr22;19010419;19010419;.312597773;.599050868;.751366405;Proximal promoter;Non CGI;6.76E-10
cg00489795;chr22;24041104;24041104;.933013843;.96247412;.64345379;Gene body;Non CGI;3.14E-12
cg00502618;chr22;26952697;26952697;.876533908;.861623477;.458817331;Proximal promoter;Non CGI;1.42E-14
cg00504285;chr22;20019887;20019887;.508676408;.787406877;.865247649;Proximal promoter;Non CGI;6.86E-14
cg00514241;chr22;28193910;28193910;.861085676;.779273349;.517046139;Gene body;CpG islands;7.42E-13
cg00536366;chr22;40052857;40052857;.877194081;.778966047;.79314953;Gene body;Non CGI;2.64E-06
cg00552318;chr22;41633632;41633632;.1779338;.380921945;.624781156;Gene body;CpG islands;1.93E-13
cg00592411;chr22;19787329;19787329;.853827058;.642151312;.639128469;Gene body;Non CGI;1.46E-09
cg00592593;chr22;50585197;50585197;.681951453;.461193145;.480451032;Proximal promoter;Non CGI;1.88E-09
cg00594278;chr22;40296407;40296407;.307221116;.721052809;.660296513;Proximal promoter;Non CGI;2.72E-08
cg00640609;chr22;39710710;39710710;.854626948;.897918141;.897313974;Proximal promoter;Non CGI;2.41E-06
cg00727590;chr22;31536549;31536549;.316411412;.233089338;.165532297;Proximal promoter;Non CGI;9.47E-08
cg00747849;chr22;19165386;19165386;.338417566;.328022629;.501852847;Gene body;CpG islands;3.86E-07
cg00748432;chr22;18042722;18042722;.459068344;.319018027;.160602715;Proximal promoter;Non CGI;1.1E-08
cg00788760;chr22;44682494;44682494;.578962162;.437769961;.246494177;Gene body;Non CGI;1.36E-07
cg00902427;chr22;41074991;41074991;.751767045;.703133098;.388729877;Proximal promoter;Non CGI;4.21E-13
cg00919591;chr22;23524136;23524136;.182228103;.644326597;.810701404;Gene body;CpG islands;1.82E-12
cg00965578;chr22;36560801;36560801;.368161691;.620557222;.792680804;Gene body;Non CGI;2.4E-08
cg00985983;chr22;30728510;30728510;.790260407;.52391882;.58534251;Gene body;Non CGI;2.37E-11
cg01001791;chr22;41924687;41924687;.639268556;.593510778;.368493843;Gene body;Non CGI;6.81E-10
cg01064979;chr22;37309487;37309487;.394118529;.616711278;.793054064;Proximal promoter;Non CGI;1.35E-09
cg01120527;chr22;25003400;25003400;.349797429;.568842326;.637077602;Proximal promoter;Non CGI;2.91E-10
cg01149940;chr22;50632967;50632967;.721580143;.657507081;.626808293;Gene body;CpG islands;2.68E-06
cg01214458;chr22;28193996;28193996;.79129185;.65350839;.279676577;Gene body;CpG islands;1.01E-10
cg01251835;chr22;20783963;20783963;.153749128;.604002355;.752531101;Gene body;CpG islands;1.18E-09
cg01260070;chr22;44602827;44602827;.803494742;.769477967;.527829492;Gene body;Non CGI;6.96E-11
cg01283300;chr22;31644282;31644282;.090094269;.222165236;.310021011;Proximal promoter;Non CGI;6.7E-08
cg01311181;chr22;44577181;44577181;.059248772;.20289127;.497251085;Proximal promoter;Non CGI;3.08E-11
cg01312762;chr22;42222192;42222192;.680192891;.578163517;.383394842;Gene body;Non CGI;1.76E-09
cg01335087;chr22;19950166;19950166;.780084566;.561596742;.357720366;Proximal promoter;Non CGI;5.82E-11
cg01338084;chr22;32026380;32026380;.090225007;.094806493;.241742184;Proximal promoter;CpG islands;3.87E-07
cg01341487;chr22;43505954;43505954;.568406454;.400459569;.326538319;Proximal promoter;CpG islands;3.8E-07
cg01358513;chr22;25595705;25595705;.7760163;.810435358;.83902514;Proximal promoter;Non CGI;7.47E-07
cg01373444;chr22;45132782;45132782;.953608394;.847985638;.678335778;Gene body;CpG islands;6.21E-10
cg01378159;chr22;37703496;37703496;.094939228;.116528575;.362391652;Gene body;Non CGI;2.29E-10
cg01381829;chr22;40573054;40573054;.765210109;.533916533;.43537403;Proximal promoter;Non CGI;1.54E-06
cg01577700;chr22;24641314;24641314;.563781574;.412778786;.361101216;Proximal promoter;Non CGI;2.15E-07
cg01603733;chr22;50529698;50529698;.861381529;.685617989;.718753888;Gene body;CpG islands;1.31E-08
cg01646784;chr22;37976725;37976725;.754861519;.847408639;.913785821;Proximal promoter;Non CGI;4.95E-06
cg01652190;chr22;50026171;50026171;.762187649;.484928537;.285654773;Gene body;CpG islands;2.29E-08
cg01752978;chr22;41923373;41923373;.817251144;.886509168;.778084072;Gene body;Non CGI;1.24E-07
cg01765930;chr22;37881422;37881422;.113123236;.484572801;.698775635;Gene body;Non CGI;1.6E-17
cg01791232;chr22;29469490;29469490;.289602858;.17919232;.1254439;Proximal promoter;CpG islands;4.6E-08
cg01815090;chr22;36013708;36013708;.888339918;.661310791;.307878829;Proximal promoter;Non CGI;2.54E-16
cg01816775;chr22;36682843;36682843;.64633996;.480597978;.298107487;Gene body;Non CGI;2.37E-11
cg01827908;chr22;43528287;43528287;.8582271;.777556617;.628558977;Gene body;Non CGI;2.36E-09
cg01844235;chr22;23487969;23487969;.743975135;.477491697;.684583997;Proximal promoter;CpG islands;9.78E-15
cg01917657;chr22;50617092;50617092;.733399581;.420217495;.332734362;Gene body;CpG islands;1.21E-12
cg01945840;chr22;36013675;36013675;.941622292;.610670304;.224774939;Proximal promoter;Non CGI;1.55E-14
cg01972843;chr22;17680706;17680706;.868766041;.547449455;.46877485;Proximal promoter;Non CGI;6.03E-11
cg02010047;chr22;50655146;50655146;.85601734;.871728371;.79216999;Gene body;CpG islands;3.36E-06
cg02026204;chr22;30663007;30663007;.04709072;.626199014;.835700454;Proximal promoter;Non CGI;1.01E-15
cg02038910;chr22;39416382;39416382;.754020309;.570992929;.560821133;Proximal promoter;Non CGI;9.67E-07
cg02099543;chr22;45899186;45899186;.132759855;.06491387;.265602178;Proximal promoter;CpG islands;1.78E-06
cg02100011;chr22;38635773;38635773;.860212614;.56857816;.368171225;Gene body;Non CGI;6.8E-10
cg02111168;chr22;31003283;31003283;.076102167;.078844186;.131602067;Proximal promoter;Non CGI;1.22E-06
cg02152108;chr22;37641506;37641506;.195560279;.393775696;.510626361;Proximal promoter;Non CGI;1.73E-07
cg02238178;chr22;37545969;37545969;.118098944;.280706397;.390528781;Proximal promoter;Non CGI;3.79E-10
cg02246229;chr22;46401539;46401539;.81059032;.871783291;.8959764;Proximal promoter;Non CGI;4.78E-09
cg02293044;chr22;29703543;29703543;.805126372;.370580156;.252849109;Gene body;CpG islands;7.87E-14
cg02296376;chr22;20236758;20236758;.755960396;.592834326;.566051265;Proximal promoter;Non CGI;1.85E-09
cg02302858;chr22;46638155;46638155;.606440916;.743362491;.84051672;Gene body;Non CGI;2.23E-06
cg02350211;chr22;31495093;31495093;.827779881;.723760794;.685779154;Gene body;CpG islands;2.09E-08
cg02357751;chr22;19710880;19710880;.088487708;.555971876;.718643394;Proximal promoter;CpG islands;9.24E-16
cg02415431;chr22;23923255;23923255;.282222882;.561447449;.712227637;Proximal promoter;Non CGI;1.28E-09
cg02455383;chr22;27014116;27014116;.393650665;.720248446;.869222577;Proximal promoter;Non CGI;4.31E-09
cg02471915;chr22;39040634;39040634;.824329791;.868500854;.890849972;Gene body;Non CGI;7.74E-07
cg02491628;chr22;39770356;39770356;.671594626;.595004629;.530048029;Gene body;CpG islands;6E-08
cg02532700;chr22;37257404;37257404;.258356507;.609770867;.735331227;Proximal promoter;Non CGI;8.42E-11
cg02541592;chr22;45608686;45608686;.858516473;.412986645;.297629766;Proximal promoter;Non CGI;2.61E-16
cg02555579;chr22;18043043;18043043;.857600315;.49941689;.52305654;Proximal promoter;Non CGI;1.53E-10
cg02556928;chr22;37309980;37309980;.441452483;.653066979;.768588012;Proximal promoter;Non CGI;2E-10
cg02567958;chr22;37962818;37962818;.143684066;.559087405;.481676486;Gene body;CpG islands;1.22E-12
cg02580626;chr22;18572133;18572133;.712215425;.670651557;.52055361;Gene body;Non CGI;3.16E-07
cg02596486;chr22;25115120;25115120;.859346937;.817825638;.632094876;Gene body;Non CGI;1.57E-09
cg02597698;chr22;30662987;30662987;.118534218;.665018382;.817689995;Proximal promoter;Non CGI;8.19E-16
cg02601893;chr22;43523016;43523016;.588699464;.487986631;.490913236;Gene body;Non CGI;1.74E-12
cg02724647;chr22;17646207;17646207;.762968492;.776833509;.535588001;Proximal promoter;Non CGI;6.06E-08
cg02756845;chr22;51038542;51038542;.383226832;.273495214;.200503992;Proximal promoter;CpG islands;3.66E-06
cg02774160;chr22;24979633;24979633;.867429028;.673245342;.568398083;Proximal promoter;Non CGI;1.92E-09
cg02774935;chr22;22090816;22090816;.515524684;.575610019;.741761514;Proximal promoter;CpG islands;3.73E-07
cg02881369;chr22;36013307;36013307;.770062465;.820842416;.39506974;Proximal promoter;Non CGI;2.4E-13
cg02911509;chr22;44568770;44568770;.29365997;.634079075;.436956194;Proximal promoter;Non CGI;6.44E-09
cg02935298;chr22;43036734;43036734;.494935157;.698232186;.813662484;Proximal promoter;Non CGI;1.69E-09
cg02948624;chr22;19743759;19743759;.119271409;.181851333;.412472479;Proximal promoter;CpG islands;7.26E-07
cg02973057;chr22;31494860;31494860;.944483902;.769733151;.714452012;Gene body;CpG islands;2.61E-08
cg03010792;chr22;20784277;20784277;.161216523;.402179282;.472844021;Gene body;CpG islands;1.98E-12
cg03027661;chr22;29426832;29426832;.095653578;.23608621;.198771488;Gene body;CpG islands;7.37E-07
cg03091668;chr22;24903402;24903402;.352300247;.429174429;.729537595;Gene body;Non CGI;9.9E-09
cg03097190;chr22;32854361;32854361;.599768011;.710857001;.793423721;Proximal promoter;Non CGI;1.59E-06
cg03167954;chr22;29707782;29707782;.900484765;.592278322;.546939292;Gene body;CpG islands;4.45E-08
cg03175417;chr22;20050298;20050298;.83041693;.736352245;.481439931;Gene body;Non CGI;1.09E-12
cg03193168;chr22;51159995;51159995;.791259824;.751080541;.441595602;Gene body;CpG islands;1.16E-11
cg03211283;chr22;31893096;31893096;.098375371;.109440099;.192607415;Gene body;CpG islands;2.35E-06
cg03228943;chr22;19554053;19554053;.854379343;.693943397;.786965946;Proximal promoter;CpG islands;9.94E-08
cg03263514;chr22;19711036;19711036;.031445616;.42672251;.633609448;Proximal promoter;CpG islands;3.5E-14
cg03314604;chr22;37956293;37956293;.352089909;.23354816;.403859768;Proximal promoter;CpG islands;1.76E-06
cg03318904;chr22;39801522;39801522;.846956024;.344883155;.419664447;Gene body;Non CGI;6.34E-09
cg03335938;chr22;17955976;17955976;.678834397;.799090742;.464118895;Proximal promoter;Non CGI;4.07E-08
cg03389133;chr22;37608611;37608611;.804458058;.556185725;.423672097;Proximal promoter;Non CGI;5.88E-12
cg03402630;chr22;26192806;26192806;.658069683;.742572992;.853259015;Gene body;Non CGI;2.17E-07
cg03408904;chr22;17956462;17956462;.480860638;.406665109;.237587279;Proximal promoter;Non CGI;1.63E-06
cg03467405;chr22;44577097;44577097;.117191462;.520111967;.681931364;Proximal promoter;Non CGI;5.09E-17
cg03500653;chr22;29703917;29703917;.877539461;.812063209;.608600641;Gene body;CpG islands;3.99E-12
cg03504496;chr22;40289577;40289577;.919052919;.817045826;.805695531;Proximal promoter;Non CGI;2.99E-06
cg03582215;chr22;39499750;39499750;.868831503;.764284164;.711694147;Gene body;Non CGI;1.86E-07
cg03599338;chr22;24577315;24577315;.735227127;.513469127;.393588359;Proximal promoter;Non CGI;8.48E-12
cg03641847;chr22;24577443;24577443;.684527751;.5018437;.455632408;Proximal promoter;Non CGI;5.46E-06
cg03665785;chr22;29458676;29458676;.799751612;.643408412;.363356432;Proximal promoter;Non CGI;1.65E-14
cg03729889;chr22;26137997;26137997;.705438756;.648280386;.353430613;Proximal promoter;Non CGI;7.15E-08
cg03730622;chr22;46760678;46760678;.657301475;.458361852;.439001548;Gene body;CpG islands;1.36E-08
cg03763796;chr22;22599128;22599128;.135412767;.441458472;.642759224;Proximal promoter;Non CGI;6.86E-12
cg03814063;chr22;50025915;50025915;.715104538;.382080063;.263363156;Gene body;CpG islands;2.01E-12
cg03815917;chr22;20909385;20909385;.849945904;.835812525;.632963781;Gene body;Non CGI;7.12E-11
cg03840259;chr22;40297036;40297036;.100630799;.676437351;.851550717;Proximal promoter;Non CGI;7.03E-16
cg03856973;chr22;43740230;43740230;.585276478;.423044162;.503036443;Proximal promoter;CpG islands;4.09E-08
cg03903451;chr22;44568913;44568913;.605328323;.718572613;.554392283;Proximal promoter;Non CGI;8.39E-08
cg03950371;chr22;41573046;41573046;.90728931;.888159448;.659495991;Gene body;Non CGI;3.25E-10
cg03954858;chr22;40404957;40404957;.537951383;.407339833;.368218189;Gene body;Non CGI;4.16E-07
cg03962200;chr22;31518707;31518707;.670104014;.589141997;.340147205;Proximal promoter;Non CGI;5.35E-14
cg04002001;chr22;32329829;32329829;.72651809;.528056281;.365618766;Gene body;Non CGI;1.27E-09
cg04017276;chr22;44577135;44577135;.060003721;.398816013;.60982083;Proximal promoter;Non CGI;1.54E-13
cg04030848;chr22;30960881;30960881;.739375306;.56757289;.562363016;Proximal promoter;Non CGI;1.66E-06
cg04038879;chr22;25595589;25595589;.585171838;.729367598;.799424565;Proximal promoter;Non CGI;1.1E-12
cg04042468;chr22;43506033;43506033;.354942942;.189316367;.131812534;Proximal promoter;CpG islands;2.08E-06
cg04078115;chr22;33278114;33278114;.11140063;.629370989;.817919751;Gene body;Non CGI;4.17E-19
cg04081402;chr22;31003587;31003587;.84151013;.629545631;.773708892;Proximal promoter;Non CGI;3.24E-09
cg04097078;chr22;20784542;20784542;.290443974;.662996851;.835674404;Gene body;CpG islands;1.16E-12
cg04112842;chr22;32302757;32302757;.883862017;.840989684;.640168042;Gene body;Non CGI;1.01E-09
cg04139184;chr22;18042550;18042550;.682122946;.506747547;.267759454;Proximal promoter;Non CGI;1.45E-09
cg04177826;chr22;50985681;50985681;.520780647;.337971286;.198502295;Proximal promoter;CpG islands;7.29E-09
cg04195684;chr22;50515473;50515473;.763859143;.577876148;.528468563;Gene body;CpG islands;3.4E-15
cg04206417;chr22;29601559;29601559;.318639374;.563051319;.62439662;Proximal promoter;CpG islands;1.78E-07
cg04223044;chr22;45608428;45608428;.81404138;.309742435;.182315753;Proximal promoter;Non CGI;3.98E-14
cg04237429;chr22;50051110;50051110;.226577881;.542824378;.716478519;Proximal promoter;Non CGI;1.07E-15
cg04337944;chr22;45899303;45899303;.505044175;.391972813;.568548851;Gene body;CpG islands;3.43E-09
cg04377908;chr22;48977382;48977382;.778570964;.633545663;.413001011;Gene body;CpG islands;1.77E-12
cg04442631;chr22;36593144;36593144;.237714524;.256821439;.594175923;Gene body;Non CGI;2.72E-10
cg04460557;chr22;18042646;18042646;.654419123;.439090248;.212005221;Proximal promoter;Non CGI;3.94E-12
cg04479757;chr22;26951319;26951319;.866500601;.798910736;.340674277;Proximal promoter;Non CGI;2.26E-13
cg04541607;chr22;27013978;27013978;.241299249;.633945238;.82142034;Proximal promoter;Non CGI;3.88E-14
cg04583339;chr22;39710023;39710023;.795812894;.67665614;.309886617;Proximal promoter;Non CGI;2.31E-14
cg04607412;chr22;45073157;45073157;.248166917;.724234128;.803078505;Proximal promoter;Non CGI;2.76E-11
cg04621042;chr22;50169721;50169721;.965399545;.963498766;.875382984;Gene body;CpG islands;1.23E-09
cg04630823;chr22;45575276;45575276;.435991954;.724741796;.789130404;Gene body;Non CGI;3.37E-07
cg04682967;chr22;37608626;37608626;.814063534;.487366225;.360823462;Proximal promoter;Non CGI;1.86E-11
cg04835613;chr22;39410292;39410292;.068276727;.087424441;.171445807;Proximal promoter;Non CGI;2.13E-08
cg04856117;chr22;19949901;19949901;.59817275;.400571063;.244770797;Proximal promoter;Non CGI;5.6E-12
cg04865531;chr22;51159147;51159147;.815341656;.506314252;.400708324;Gene body;CpG islands;2.59E-11
cg04910082;chr22;43463123;43463123;.849949073;.81103884;.599080537;Gene body;Non CGI;2.73E-09
cg04929173;chr22;29704483;29704483;.885039588;.842555741;.589101306;Gene body;CpG islands;1.16E-11
cg04933168;chr22;36960937;36960937;.699724927;.70639918;.394025248;Gene body;CpG islands;1.36E-10
cg04999026;chr22;19754815;19754815;.229451782;.663283207;.663292555;Gene body;CpG islands;8.07E-07
cg05014660;chr22;44576654;44576654;.097583807;.415956832;.521099736;Proximal promoter;Non CGI;2.59E-13
cg05156901;chr22;51016646;51016646;.663320806;.428653723;.270906161;Proximal promoter;CpG islands;7.45E-09
cg05209515;chr22;37585549;37585549;.769491606;.432687994;.350701279;Proximal promoter;Non CGI;4.77E-12
cg05233946;chr22;32078088;32078088;.960124341;.641670516;.397756486;Gene body;Non CGI;1.58E-10
cg05251389;chr22;43525330;43525330;.578053952;.764414507;.662906628;Gene body;Non CGI;1.34E-08
cg05260966;chr22;33197394;33197394;.407936808;.226434067;.205319793;Gene body;CpG islands;1.92E-07
cg05278256;chr22;26137980;26137980;.681175246;.598568185;.39831157;Proximal promoter;Non CGI;4.22E-10
cg05340577;chr22;19009719;19009719;.60229241;.649909504;.678096492;Proximal promoter;Non CGI;1.54E-06
cg05355311;chr22;50629224;50629224;.067287484;.172171045;.49075085;Gene body;CpG islands;7.54E-08
cg05389174;chr22;20192371;20192371;.715822469;.563196402;.455868514;Proximal promoter;Non CGI;3.06E-06
cg05539509;chr22;30663034;30663034;.110998975;.504838472;.645537242;Proximal promoter;Non CGI;2.42E-16
cg05546784;chr22;50585427;50585427;.618168575;.423769507;.364326425;Proximal promoter;Non CGI;8.42E-11
cg05577434;chr22;25003527;25003527;.341494286;.526240921;.505280088;Proximal promoter;Non CGI;9.18E-09
cg05580073;chr22;24803248;24803248;.325957603;.496958191;.689110259;Gene body;Non CGI;5.06E-07
cg05601844;chr22;41573176;41573176;.958642922;.95494922;.663210502;Gene body;Non CGI;6.74E-09
cg05617650;chr22;50892951;50892951;.687202751;.870975638;.896559937;Gene body;CpG islands;4.59E-10
cg05624582;chr22;40042814;40042814;.835823345;.81265163;.522588659;Gene body;CpG islands;1.27E-13
cg05657292;chr22;17980996;17980996;.19834066;.268763519;.505610097;Gene body;Non CGI;5.85E-09
cg05738585;chr22;39262339;39262339;.861492685;.77193544;.825200055;Gene body;CpG islands;5.13E-06
cg05815196;chr22;31536540;31536540;.424115698;.300352132;.222864201;Proximal promoter;Non CGI;5.27E-08
cg05855065;chr22;43623455;43623455;.807034406;.650289907;.775804377;Gene body;CpG islands;5.16E-07
cg05861567;chr22;50523686;50523686;.158155349;.65514336;.774752623;Proximal promoter;Non CGI;1.82E-13
cg05945615;chr22;38035456;38035456;.051100784;.098533676;.207527053;Proximal promoter;CpG islands;6.09E-11
cg06124434;chr22;26895451;26895451;.867181402;.882017007;.547714155;Gene body;CpG islands;1.01E-13
cg06148812;chr22;19746368;19746368;.306181059;.408440758;.658420318;Gene body;CpG islands;1.86E-09
cg06225154;chr22;37640364;37640364;.030194374;.060358554;.157442011;Proximal promoter;Non CGI;2.12E-10
cg06229674;chr22;39492189;39492189;.715327201;.885261358;.903970629;Proximal promoter;Non CGI;1.3E-07
cg06255037;chr22;41634447;41634447;.668868152;.538458925;.507092756;Gene body;CpG islands;7.73E-07
cg06264060;chr22;41075007;41075007;.837750432;.719097271;.374013449;Proximal promoter;Non CGI;4.86E-15
cg06311355;chr22;24577269;24577269;.802160723;.493956846;.382288064;Proximal promoter;Non CGI;9.58E-15
cg06346307;chr22;19949965;19949965;.559851002;.477678278;.294494362;Proximal promoter;Non CGI;3.77E-06
cg06422471;chr22;51169500;51169500;.878548006;.331942613;.293405561;Gene body;CpG islands;7.08E-12
cg06462666;chr22;50528312;50528312;.252583884;.154788675;.141769945;Proximal promoter;CpG islands;4.05E-06
cg06495501;chr22;50523761;50523761;.106003356;.327303781;.461218829;Proximal promoter;Non CGI;8.31E-13
cg06523744;chr22;39410145;39410145;.078401871;.151656957;.170684636;Proximal promoter;Non CGI;8.53E-08
cg06530441;chr22;51016950;51016950;.42250509;.279361359;.1507334;Proximal promoter;CpG islands;1.16E-06
cg06561329;chr22;17602610;17602610;.295471777;.192180661;.134829468;Proximal promoter;CpG islands;4.5E-06
cg06623197;chr22;30400763;30400763;.691800659;.492747398;.278174165;Gene body;Non CGI;3.13E-11
cg06637550;chr22;37585337;37585337;.805477992;.571852783;.39484473;Proximal promoter;Non CGI;7.24E-10
cg06670785;chr22;20073572;20073572;.967276421;.940101849;.932576931;Proximal promoter;CpG islands;1.39E-06
cg06703343;chr22;36563048;36563048;.466120937;.777356498;.761501038;Proximal promoter;Non CGI;4.86E-07
cg06726231;chr22;17672168;17672168;.809115935;.560326434;.6728192;Gene body;Non CGI;8.97E-08
cg06737981;chr22;23523942;23523942;.219567809;.601369605;.80017191;Gene body;CpG islands;1.47E-11
cg06761076;chr22;21056301;21056301;.084104508;.103864404;.160975381;Gene body;CpG islands;1.02E-06
cg06787004;chr22;19938981;19938981;.893047836;.813141628;.693099038;Proximal promoter;Non CGI;5.02E-06
cg06803995;chr22;40815101;40815101;.813260389;.79269329;.586592773;Gene body;CpG islands;7.6E-09
cg06849477;chr22;45072724;45072724;.192145286;.362873591;.433183291;Proximal promoter;Non CGI;3.11E-09
cg06889422;chr22;24627294;24627294;.258066194;.451668971;.395918427;Gene body;Non CGI;4.84E-07
cg06898214;chr22;50585400;50585400;.771269439;.520300832;.42444473;Proximal promoter;Non CGI;2.71E-09
cg06932384;chr22;39358686;39358686;.931678955;.87848815;.763080039;Gene body;Non CGI;1.75E-07
cg06964030;chr22;20073636;20073636;.769127553;.606977357;.581534927;Proximal promoter;CpG islands;8.3E-09
cg06967304;chr22;38516742;38516742;.707664034;.767456066;.832340858;Gene body;CpG islands;9.34E-08
cg06976521;chr22;29729206;29729206;.680860333;.781512433;.874080291;Proximal promoter;Non CGI;1.36E-09
cg07048516;chr22;24105087;24105087;.397810462;.524480195;.768358335;Proximal promoter;Non CGI;4.04E-08
cg07141002;chr22;38201690;38201690;.411110687;.290352486;.127766202;Gene body;CpG islands;1.26E-06
cg07159686;chr22;20237222;20237222;.7939341;.58693278;.399199601;Proximal promoter;Non CGI;1.13E-13
cg07167594;chr22;19010468;19010468;.234192935;.548267352;.80833832;Proximal promoter;Non CGI;1.44E-14
cg07186138;chr22;39410396;39410396;.094508065;.232832466;.428656294;Proximal promoter;Non CGI;5.55E-12
cg07187268;chr22;24105186;24105186;.50721384;.627350866;.822151588;Proximal promoter;Non CGI;1.22E-08
cg07256473;chr22;29710276;29710276;.16071563;.185941092;.375841467;Gene body;CpG islands;3.78E-06
cg07306604;chr22;20229546;20229546;.750844713;.735898376;.506599568;Gene body;CpG islands;1.26E-12
cg07316313;chr22;30639730;30639730;.640919463;.691270524;.745538579;Gene body;CpG islands;1.51E-06
cg07331098;chr22;50584184;50584184;.887556551;.642876173;.66842027;Proximal promoter;Non CGI;4.9E-13
cg07341609;chr22;37962569;37962569;.106373513;.448287918;.410404228;Gene body;CpG islands;9.86E-14
cg07350057;chr22;24979660;24979660;.847976479;.705987147;.676592912;Proximal promoter;Non CGI;1.1E-06
cg07359545;chr22;19711327;19711327;.140077079;.544986711;.579885105;Proximal promoter;CpG islands;3.22E-12
cg07367519;chr22;40075288;40075288;.820043819;.871389067;.894493178;Gene body;CpG islands;4.92E-08
cg07416664;chr22;38221485;38221485;.650410404;.385279853;.269935743;Gene body;CpG islands;1.94E-06
cg07422042;chr22;20194554;20194554;.361430799;.427499193;.689168484;Gene body;Non CGI;2.11E-10
cg07462808;chr22;36691114;36691114;.818032248;.727423482;.810881629;Gene body;Non CGI;1.01E-07
cg07498879;chr22;30663041;30663041;.134793771;.536067363;.655082612;Proximal promoter;Non CGI;1.37E-15
cg07546360;chr22;46482023;46482023;.857764759;.420024086;.433169542;Proximal promoter;CpG islands;9.22E-13
cg07579946;chr22;19949893;19949893;.716468216;.516900001;.349616183;Proximal promoter;Non CGI;8.17E-15
cg07600533;chr22;50986031;50986031;.695666448;.243763434;.168866904;Proximal promoter;CpG islands;1.25E-08
cg07654843;chr22;26138429;26138429;.848964129;.841077819;.421350622;Proximal promoter;Non CGI;1.61E-12
cg07656641;chr22;50018876;50018876;.717855086;.782427094;.858512246;Gene body;Non CGI;4.11E-09
cg07713361;chr22;36649144;36649144;.1040938;.140675253;.284446715;Proximal promoter;Non CGI;2.73E-06
cg07795766;chr22;45608516;45608516;.89646731;.316751529;.185932972;Proximal promoter;Non CGI;4.46E-11
cg07830226;chr22;30091734;30091734;.747487256;.784024457;.558902547;Gene body;Non CGI;9.56E-08
cg07858489;chr22;24999188;24999188;.65817014;.56161559;.508499819;Proximal promoter;Non CGI;2.02E-07
cg07929727;chr22;39709951;39709951;.802440413;.713637687;.371837533;Proximal promoter;Non CGI;5E-17
cg07940593;chr22;39710068;39710068;.81142345;.704934037;.397755831;Proximal promoter;Non CGI;5.12E-18
cg07959070;chr22;50026188;50026188;.720490032;.441207512;.212981242;Gene body;CpG islands;8.18E-09
cg07968613;chr22;44576381;44576381;.663583165;.712228483;.446866807;Proximal promoter;Non CGI;1.72E-11
cg08088989;chr22;22874447;22874447;.827652596;.534653139;.525567086;Proximal promoter;Non CGI;8.55E-12
cg08118034;chr22;29706595;29706595;.863831918;.744277236;.635999128;Gene body;CpG islands;6.11E-07
cg08149253;chr22;45899292;45899292;.353117424;.284586244;.433051898;Gene body;CpG islands;3.57E-06
cg08149422;chr22;21983606;21983606;.084639051;.190834009;.2330717;Gene body;CpG islands;2.1E-08
cg08260245;chr22;51016501;51016501;.707551652;.567673413;.406521197;Proximal promoter;CpG islands;5E-07
cg08271031;chr22;44568812;44568812;.249484813;.576492933;.362228954;Proximal promoter;Non CGI;4.44E-09
cg08296191;chr22;51159555;51159555;.892849504;.647106838;.416884449;Gene body;CpG islands;6.56E-15
cg08303253;chr22;42070666;42070666;.698205184;.564045482;.319465658;Gene body;Non CGI;3.92E-12
cg08362785;chr22;40814878;40814878;.68158381;.618298668;.500158169;Gene body;CpG islands;4.82E-06
cg08382235;chr22;19754251;19754251;.032727091;.461784553;.411299016;Gene body;CpG islands;3.06E-06
cg08390994;chr22;36563027;36563027;.361040249;.800475103;.843233288;Proximal promoter;Non CGI;3.54E-10
cg08391894;chr22;43559044;43559044;.767374415;.802616681;.67865056;Gene body;Non CGI;1.03E-06
cg08415592;chr22;36648973;36648973;.272860721;.521491767;.672890701;Proximal promoter;Non CGI;3.71E-09
cg08423507;chr22;51177982;51177982;.929737944;.651537967;.743281022;Gene body;Non CGI;2.29E-08
cg08457421;chr22;31536431;31536431;.793846462;.526670134;.46018911;Proximal promoter;Non CGI;7.63E-08
cg08579858;chr22;29709964;29709964;.205375378;.186954035;.449555021;Gene body;CpG islands;5.52E-08
cg08612539;chr22;37257124;37257124;.249338143;.511117558;.566340499;Proximal promoter;Non CGI;8.78E-09
cg08619048;chr22;37387314;37387314;.855627769;.832947111;.625182708;Gene body;Non CGI;4.14E-09
cg08627825;chr22;45016064;45016064;.128644269;.207803501;.36700455;Gene body;CpG islands;7.33E-07
cg08660915;chr22;50523790;50523790;.142458263;.528240394;.757796786;Proximal promoter;Non CGI;2.12E-15
cg08665685;chr22;31500397;31500397;.755425393;.770856585;.53562217;Gene body;CpG islands;2.07E-10
cg08690876;chr22;43040721;43040721;.374783218;.136028703;.2990472;Proximal promoter;Non CGI;2.51E-06
cg08695558;chr22;46507614;46507614;.770525341;.576896474;.444715897;Proximal promoter;Non CGI;5.3E-08
cg08715187;chr22;24038523;24038523;.216404795;.661974195;.782571668;Gene body;Non CGI;1.15E-09
cg08727202;chr22;37414747;37414747;.605809107;.458712799;.285596917;Proximal promoter;CpG islands;6.77E-13
cg08730070;chr22;19938378;19938378;.880036709;.834655373;.90769733;Proximal promoter;Non CGI;9.46E-07
cg08753951;chr22;20236751;20236751;.826301259;.57918157;.574549548;Proximal promoter;Non CGI;1.39E-09
cg08760753;chr22;49069623;49069623;.836833215;.887251595;.905069408;Gene body;Non CGI;4.03E-06
cg08800893;chr22;36727569;36727569;.123300474;.375813502;.564116096;Gene body;Non CGI;7.81E-10
cg09052401;chr22;24105444;24105444;.153818978;.356002387;.495380168;Proximal promoter;Non CGI;1.2E-10
cg09056327;chr22;37608037;37608037;.84834944;.50542432;.378505372;Proximal promoter;Non CGI;3.99E-11
cg09080522;chr22;44568387;44568387;.365884788;.624537889;.821722204;Proximal promoter;Non CGI;8.45E-09
cg09084256;chr22;32555286;32555286;.729057779;.552812823;.445915547;Proximal promoter;Non CGI;2.82E-10
cg09135399;chr22;39493114;39493114;.083778041;.321694183;.494137695;Proximal promoter;Non CGI;8.72E-17
cg09233980;chr22;47069799;47069799;.552527338;.782382379;.831428171;Gene body;CpG islands;1.64E-11
cg09246479;chr22;24891129;24891129;.782575548;.495787112;.487190343;Proximal promoter;CpG islands;1.32E-07
cg09247692;chr22;38506781;38506781;.940674883;.693097915;.409249042;Proximal promoter;Non CGI;1.42E-11
cg09266008;chr22;36635674;36635674;.111776046;.147383022;.300930034;Proximal promoter;Non CGI;1.27E-11
cg09315630;chr22;50585393;50585393;.772062903;.506925481;.431678364;Proximal promoter;Non CGI;1.23E-09
cg09338412;chr22;24979554;24979554;.77020542;.629268168;.468201862;Proximal promoter;Non CGI;4.19E-09
cg09365259;chr22;18594196;18594196;.753524257;.611901759;.503656961;Gene body;CpG islands;4.24E-09
cg09396892;chr22;45132934;45132934;.702704639;.595904939;.470979575;Gene body;CpG islands;3.59E-07
cg09456760;chr22;51206645;51206645;.745140931;.830304689;.844670842;Gene body;Non CGI;4.73E-06
cg09460229;chr22;30141053;30141053;.800723202;.668182142;.340619822;Gene body;Non CGI;5.33E-13
cg09463917;chr22;20784958;20784958;.128163783;.632428208;.693295463;Gene body;CpG islands;9.14E-12
cg09471204;chr22;42347991;42347991;.838305655;.66775534;.543586346;Proximal promoter;Non CGI;3.94E-09
cg09503194;chr22;41833279;41833279;.89009728;.833746791;.694636415;Gene body;Non CGI;1.07E-07
cg09560452;chr22;29445903;29445903;.807583127;.851790927;.879498286;Gene body;CpG islands;5.52E-06
cg09574757;chr22;19747024;19747024;.103310024;.192298779;.393089256;Gene body;CpG islands;8.08E-07
cg09582545;chr22;39440294;39440294;.8611973;.741217325;.644681522;Gene body;Non CGI;3.06E-09
cg09598276;chr22;24979588;24979588;.697162918;.493777982;.326244749;Proximal promoter;Non CGI;3.19E-11
cg09624565;chr22;37256900;37256900;.323421054;.526118331;.75167971;Proximal promoter;Non CGI;1.38E-10
cg09784932;chr22;20229526;20229526;.78530704;.767165193;.451209295;Gene body;CpG islands;3.67E-12
cg09850150;chr22;36013432;36013432;.864231493;.630674172;.327397883;Proximal promoter;Non CGI;1.02E-11
cg09895653;chr22;50925201;50925201;.706946614;.541374431;.589823798;Proximal promoter;Non CGI;6.28E-08
cg09906324;chr22;50051208;50051208;.205862295;.55864167;.709317514;Proximal promoter;Non CGI;7.36E-17
cg09978077;chr22;42229983;42229983;.125471262;.146789254;.263347565;Gene body;CpG islands;1.5E-06
cg09982918;chr22;26137852;26137852;.811464522;.815516323;.34517922;Proximal promoter;Non CGI;9.99E-10
cg09984479;chr22;38635620;38635620;.771767414;.374875257;.23734755;Gene body;Non CGI;1.74E-14
cg10007222;chr22;24402171;24402171;.802578333;.810234111;.590750958;Proximal promoter;Non CGI;5.09E-07
cg10024073;chr22;50599945;50599945;.690236772;.65378337;.461703527;Gene body;Non CGI;6.67E-10
cg10131972;chr22;19879787;19879787;.109510839;.451507798;.689310217;Gene body;Non CGI;2.53E-15
cg10185013;chr22;31495174;31495174;.876963196;.677813334;.596491145;Gene body;CpG islands;2.78E-14
cg10268711;chr22;37678489;37678489;.154484439;.487716784;.616219943;Proximal promoter;Non CGI;1.1E-14
cg10316474;chr22;39410068;39410068;.089938413;.266093365;.376375653;Proximal promoter;Non CGI;6.47E-14
cg10416593;chr22;50966123;50966123;.597420145;.7451809;.805725717;Proximal promoter;CpG islands;3.82E-07
cg10444970;chr22;50585413;50585413;.680699998;.482486046;.400865221;Proximal promoter;Non CGI;4.86E-12
cg10467217;chr22;30662874;30662874;.145617006;.566036254;.672433038;Proximal promoter;Non CGI;1.94E-15
cg10490842;chr22;51016604;51016604;.542080931;.442485026;.272323021;Proximal promoter;CpG islands;1.13E-07
cg10494770;chr22;23922454;23922454;.370025584;.617528588;.703106338;Proximal promoter;Non CGI;1.37E-08
cg10504436;chr22;24180492;24180492;.424744301;.514256407;.594582027;Gene body;CpG islands;5.34E-06
cg10548254;chr22;50656772;50656772;.758853174;.71739468;.386604214;Gene body;CpG islands;2.32E-14
cg10603235;chr22;43336049;43336049;.851944159;.607112347;.728011126;Gene body;Non CGI;1.4E-08
cg10627301;chr22;42095960;42095960;.861630906;.688492593;.756724711;Proximal promoter;CpG islands;2.98E-07
cg10628201;chr22;21977597;21977597;.967280893;.958435182;.6158642;Gene body;Non CGI;6.98E-11
cg10632525;chr22;28195524;28195524;.622220723;.432247522;.268502578;Gene body;CpG islands;8.79E-12
cg10647101;chr22;19744026;19744026;.174905292;.240522239;.46114144;Proximal promoter;CpG islands;1.52E-07
cg10658197;chr22;40290752;40290752;.848529211;.689967253;.478609227;Proximal promoter;Non CGI;1.48E-10
cg10698910;chr22;50716403;50716403;.71058417;.835220372;.868432289;Gene body;CpG islands;3.71E-13
cg10699871;chr22;19879696;19879696;.083315532;.496967721;.720000252;Gene body;Non CGI;1.78E-17
cg10714773;chr22;17681464;17681464;.881721649;.757885178;.801569634;Proximal promoter;Non CGI;1.67E-07
cg10747785;chr22;36681296;36681296;.87661796;.726799894;.630054852;Gene body;Non CGI;7.93E-09
cg10756887;chr22;24105692;24105692;.141129532;.345147954;.472137715;Proximal promoter;Non CGI;1.67E-11
cg10770023;chr22;51016644;51016644;.577624237;.411047226;.24255852;Proximal promoter;CpG islands;5.29E-08
cg10820551;chr22;45608345;45608345;.771844857;.407462497;.292308852;Proximal promoter;Non CGI;3.53E-15
cg10828284;chr22;50528333;50528333;.710008178;.348619546;.255996202;Proximal promoter;CpG islands;7.99E-09
cg10876003;chr22;18512005;18512005;.469525795;.517232648;.262577405;Proximal promoter;Non CGI;2.78E-07
cg11077631;chr22;50617003;50617003;.515206469;.329094857;.316707018;Gene body;CpG islands;1.06E-07
cg11081833;chr22;37975941;37975941;.528612891;.737006345;.843184931;Proximal promoter;Non CGI;1.69E-12
cg11086738;chr22;39152316;39152316;.102276431;.12525741;.191471006;Proximal promoter;CpG islands;3.81E-07
cg11201532;chr22;37882078;37882078;.13298558;.457896829;.572685788;Proximal promoter;Non CGI;8.35E-13
cg11204680;chr22;23975441;23975441;.692629141;.799211264;.850719574;Proximal promoter;Non CGI;2.1E-09
cg11257728;chr22;44577265;44577265;.09149437;.578476563;.804744818;Proximal promoter;Non CGI;1.07E-16
cg11306361;chr22;36649077;36649077;.220471025;.298057637;.469833083;Proximal promoter;Non CGI;2.02E-08
cg11337160;chr22;36014182;36014182;.859020894;.735170631;.561806716;Proximal promoter;Non CGI;9.85E-08
cg11351779;chr22;43820888;43820888;.914704763;.7815254;.743628893;Gene body;CpG islands;5.59E-09
cg11361387;chr22;19949873;19949873;.776177056;.567577561;.324812436;Proximal promoter;Non CGI;6.92E-13
cg11383208;chr22;46481948;46481948;.840206117;.493749974;.53896359;Proximal promoter;CpG islands;1.26E-11
cg11414921;chr22;19712034;19712034;.07055163;.355162342;.336793277;Gene body;CpG islands;2.99E-09
cg11459591;chr22;25334984;25334984;.133708242;.100240711;.090524499;Proximal promoter;Non CGI;3.53E-06
cg11465939;chr22;23923462;23923462;.294083896;.775148539;.855789671;Proximal promoter;Non CGI;7.54E-11
cg11520459;chr22;37308182;37308182;.894207545;.751966056;.664909268;Proximal promoter;Non CGI;6.3E-12
cg11558856;chr22;37546124;37546124;.149742839;.450762139;.548016752;Proximal promoter;Non CGI;1.18E-10
cg11601000;chr22;42348013;42348013;.51100724;.344853026;.2604798;Proximal promoter;Non CGI;3.58E-09
cg11654148;chr22;21984483;21984483;.053628393;.096108793;.073100151;Proximal promoter;CpG islands;1.64E-06
cg11666534;chr22;23922551;23922551;.238482081;.678029292;.734568383;Proximal promoter;Non CGI;4.21E-11
cg11674130;chr22;50523689;50523689;.162222274;.677806888;.774153701;Proximal promoter;Non CGI;8.44E-17
cg11691093;chr22;36727373;36727373;.1153739;.135749879;.549364135;Gene body;Non CGI;9.2E-09
cg11744966;chr22;38506771;38506771;.895083616;.782773176;.547810083;Proximal promoter;Non CGI;8.11E-12
cg11793380;chr22;37585617;37585617;.82823612;.681284395;.814180127;Proximal promoter;Non CGI;1.73E-09
cg11801110;chr22;50356763;50356763;.712191975;.495388813;.516415783;Gene body;CpG islands;2.72E-08
cg11814655;chr22;20399601;20399601;.768226022;.543090589;.32875119;Proximal promoter;Non CGI;3.84E-13
cg11835355;chr22;36561746;36561746;.655609991;.875210351;.920259311;Proximal promoter;Non CGI;5.42E-07
cg11854392;chr22;19879320;19879320;.083280511;.548845333;.752021988;Gene body;Non CGI;1.34E-16
cg11875119;chr22;31003147;31003147;.097912004;.065967669;.143687015;Proximal promoter;Non CGI;1.22E-06
cg11923724;chr22;37912044;37912044;.88155201;.895369557;.675479047;Gene body;CpG islands;1.71E-08
cg11955845;chr22;36681311;36681311;.880868978;.718654793;.575439698;Gene body;Non CGI;8.56E-09
cg11956866;chr22;31998253;31998253;.901460916;.544115485;.726947977;Gene body;Non CGI;1.41E-13
cg11996741;chr22;30769389;30769389;.757010761;.584807911;.643941036;Gene body;Non CGI;5.89E-08
cg12167239;chr22;19166808;19166808;.088045064;.107383661;.255042047;Proximal promoter;CpG islands;4.57E-07
cg12230250;chr22;40042864;40042864;.976445086;.933967392;.652901479;Gene body;CpG islands;3.07E-11
cg12251779;chr22;45608440;45608440;.835550952;.3144734;.148510181;Proximal promoter;Non CGI;1.08E-16
cg12278179;chr22;44577920;44577920;.12275035;.431313987;.530428155;Gene body;Non CGI;3.88E-14
cg12303610;chr22;50636559;50636559;.483712741;.684237683;.70374988;Gene body;CpG islands;4.02E-09
cg12335447;chr22;37546115;37546115;.133152378;.371021311;.441695795;Proximal promoter;Non CGI;3.38E-13
cg12353802;chr22;33310132;33310132;.829519169;.888450109;.906533993;Gene body;Non CGI;1.62E-06
cg12400459;chr22;41856238;41856238;.521975859;.379233758;.211691033;Gene body;Non CGI;1.26E-16
cg12429065;chr22;36018612;36018612;.824174463;.75365874;.398481392;Gene body;Non CGI;1.59E-13
cg12468786;chr22;50925108;50925108;.764551816;.55812978;.653340375;Proximal promoter;Non CGI;5.82E-09
cg12474881;chr22;36681321;36681321;.886928233;.684581057;.477397329;Gene body;Non CGI;1.02E-10
cg12495889;chr22;50873337;50873337;.846116655;.79743508;.727581382;Gene body;CpG islands;6.14E-08
cg12502079;chr22;51169028;51169028;.767680257;.49027293;.613510723;Gene body;CpG islands;2.06E-08
cg12502098;chr22;48955947;48955947;.920935887;.804146773;.747566653;Gene body;CpG islands;1.89E-07
cg12534902;chr22;21090121;21090121;.757496819;.598126775;.461545115;Proximal promoter;Non CGI;6.89E-10
cg12539917;chr22;48896415;48896415;.697027044;.643156507;.501976953;Gene body;CpG islands;5.94E-09
cg12555844;chr22;44568337;44568337;.375781991;.635675863;.806824506;Proximal promoter;Non CGI;4.82E-10
cg12624747;chr22;44575802;44575802;.706887892;.509237408;.443341649;Proximal promoter;Non CGI;1.58E-08
cg12649343;chr22;47023005;47023005;.778550119;.841535982;.871535862;Proximal promoter;CpG islands;6.42E-07
cg12716832;chr22;45073165;45073165;.292846349;.752995602;.822564415;Proximal promoter;Non CGI;7.88E-12
cg12728461;chr22;17646245;17646245;.87951779;.812830256;.540589849;Proximal promoter;Non CGI;4.01E-14
cg12728623;chr22;19938992;19938992;.901167361;.840623507;.691563068;Proximal promoter;Non CGI;6.46E-07
cg12741639;chr22;37678728;37678728;.341561835;.599672829;.727448147;Proximal promoter;Non CGI;2.51E-08
cg12778775;chr22;44893667;44893667;.451652593;.322499015;.207019997;Proximal promoter;CpG islands;1.65E-13
cg12836643;chr22;39129370;39129370;.308013931;.266419817;.111764217;Gene body;Non CGI;1.3E-08
cg12845756;chr22;36007854;36007854;.111027014;.445738058;.322714086;Gene body;Non CGI;3.98E-15
cg12870518;chr22;18512081;18512081;.784028271;.69440687;.346943496;Proximal promoter;Non CGI;3.75E-12
cg12872311;chr22;28196226;28196226;.364210753;.188383076;.129938512;Gene body;CpG islands;2.84E-08
cg12895179;chr22;20779482;20779482;.640190093;.749131995;.83922448;Gene body;CpG islands;1.68E-06
cg12968540;chr22;41572924;41572924;.915872325;.909960339;.692327689;Gene body;Non CGI;2.41E-09
cg12971867;chr22;50528564;50528564;.931118503;.736069653;.705591103;Proximal promoter;CpG islands;2.94E-10
cg12990614;chr22;38379749;38379749;.66734611;.381415785;.45731252;Gene body;CpG islands;5.62E-07
cg13092901;chr22;50965373;50965373;.138074231;.23641815;.390718695;Proximal promoter;CpG islands;2.17E-08
cg13110334;chr22;19003848;19003848;.759681116;.71270763;.348448458;Proximal promoter;Non CGI;3.7E-11
cg13166875;chr22;30868060;30868060;.620630978;.656695791;.359604555;Proximal promoter;Non CGI;4.02E-06
cg13213810;chr22;51158720;51158720;.890474785;.3645197;.224029236;Gene body;CpG islands;6.99E-14
cg13248581;chr22;17680545;17680545;.882912003;.481050941;.342780001;Proximal promoter;Non CGI;1.62E-12
cg13253729;chr22;24032426;24032426;.760697519;.811041298;.861259721;Proximal promoter;Non CGI;6.16E-07
cg13298682;chr22;29426575;29426575;.093156412;.295226064;.440505512;Gene body;CpG islands;5.16E-09
cg13346441;chr22;18231586;18231586;.914758879;.705461871;.815625261;Gene body;CpG islands;1.39E-06
cg13382768;chr22;24979436;24979436;.800920589;.612894818;.480155013;Proximal promoter;Non CGI;5.35E-12
cg13429423;chr22;44568775;44568775;.408356831;.756192573;.572551822;Proximal promoter;Non CGI;7.22E-08
cg13586696;chr22;29458723;29458723;.879517102;.769241673;.594674545;Proximal promoter;Non CGI;3.4E-12
cg13696940;chr22;29711941;29711941;.034893504;.034251676;.102496748;Proximal promoter;CpG islands;5.49E-06
cg13698860;chr22;43525679;43525679;.620324835;.495241416;.396618602;Gene body;Non CGI;1.01E-08
cg13767306;chr22;37710703;37710703;.151337332;.199627519;.28860099;Gene body;Non CGI;4.03E-07
cg13788891;chr22;47069632;47069632;.692733568;.812792928;.843907188;Gene body;CpG islands;6.29E-09
cg13797282;chr22;37914859;37914859;.678663602;.52987569;.429069011;Proximal promoter;CpG islands;1.78E-08
cg13811469;chr22;20020657;20020657;.907313081;.679811193;.504276354;Proximal promoter;Non CGI;1.09E-13
cg13825083;chr22;24979367;24979367;.809693351;.603405997;.620743789;Proximal promoter;Non CGI;1.98E-07
cg13841476;chr22;19036432;19036432;.894283882;.870793749;.586209407;Proximal promoter;Non CGI;2.83E-10
cg13868216;chr22;38484884;38484884;.896258049;.694727597;.64994223;Gene body;CpG islands;1.5E-07
cg13895323;chr22;50528641;50528641;.939743483;.700434567;.68347626;Proximal promoter;CpG islands;1.1E-08
cg13934236;chr22;43507609;43507609;.689967398;.643634869;.785209279;Gene body;CpG islands;3.21E-06
cg13974317;chr22;21056282;21056282;.123159638;.182646883;.329695737;Gene body;CpG islands;8E-09
cg14015726;chr22;40807049;40807049;.878423506;.867821993;.666648829;Gene body;Non CGI;3.33E-07
cg14026113;chr22;48977177;48977177;.764212094;.528041057;.355458671;Gene body;CpG islands;2.81E-13
cg14043774;chr22;36013398;36013398;.616344043;.600642081;.31745108;Proximal promoter;Non CGI;8.85E-10
cg14055351;chr22;38688721;38688721;.797742985;.72448439;.810423657;Gene body;Non CGI;1.16E-06
cg14072120;chr22;37640402;37640402;.093739788;.20256404;.258183621;Proximal promoter;Non CGI;9.55E-10
cg14130977;chr22;19711023;19711023;.058205819;.328007598;.523847304;Proximal promoter;CpG islands;5.93E-10
cg14239351;chr22;43821115;43821115;.808510376;.667849046;.600512878;Gene body;CpG islands;3.68E-08
cg14284759;chr22;43037849;43037849;.935121317;.829858278;.661388799;Proximal promoter;Non CGI;3.1E-09
cg14326354;chr22;18900453;18900453;.593750636;.591809152;.377617928;Gene body;Non CGI;2.19E-07
cg14403603;chr22;30079754;30079754;.864299437;.722125865;.785486255;Gene body;Non CGI;6.13E-08
cg14414122;chr22;50585386;50585386;.790646615;.499005857;.425174054;Proximal promoter;Non CGI;2.74E-09
cg14415914;chr22;36537273;36537273;.896364752;.818113399;.77065056;Gene body;Non CGI;2.55E-08
cg14455139;chr22;41573155;41573155;.905595411;.90978715;.668156386;Gene body;Non CGI;6.28E-10
cg14519350;chr22;30661949;30661949;.212551303;.643542774;.776103278;Gene body;Non CGI;6.98E-13
cg14703589;chr22;31644558;31644558;.842206128;.519748288;.434695639;Proximal promoter;Non CGI;7.94E-15
cg14703829;chr22;20780298;20780298;.146564577;.638601292;.830218374;Gene body;CpG islands;9.54E-16
cg14711067;chr22;37975975;37975975;.132298113;.447103915;.604021727;Proximal promoter;Non CGI;1.5E-15
cg14742445;chr22;30195299;30195299;.434645337;.22781395;.181595671;Gene body;Non CGI;5.17E-06
cg14774086;chr22;24181270;24181270;.099406846;.179792714;.247392878;Proximal promoter;CpG islands;6.48E-07
cg14780837;chr22;39760267;39760267;.15227551;.414592964;.252985305;Proximal promoter;Non CGI;4.7E-08
cg14781778;chr22;45608692;45608692;.865119859;.410313835;.26176406;Proximal promoter;Non CGI;9.84E-17
cg14844130;chr22;22598937;22598937;.077601654;.312542061;.517873418;Proximal promoter;Non CGI;4.61E-12
cg14859088;chr22;43343959;43343959;.853255832;.849403198;.498152032;Proximal promoter;Non CGI;6.74E-13
cg14891022;chr22;37625461;37625461;.192347427;.538582497;.608684867;Gene body;Non CGI;3.06E-09
cg14902267;chr22;23923610;23923610;.287402919;.612850864;.699356397;Proximal promoter;Non CGI;8.95E-10
cg14910055;chr22;43266228;43266228;.846089245;.815758669;.527103148;Gene body;CpG islands;5.13E-11
cg14942952;chr22;44576268;44576268;.543659868;.631324637;.382094339;Proximal promoter;Non CGI;1.33E-07
cg15031579;chr22;42347906;42347906;.76695477;.606045276;.570364756;Proximal promoter;Non CGI;2.19E-08
cg15035133;chr22;37962637;37962637;.156778392;.713093771;.64949677;Gene body;CpG islands;3.55E-16
cg15036874;chr22;50705948;50705948;.844801046;.580048404;.440920668;Gene body;CpG islands;7.21E-15
cg15053190;chr22;18893313;18893313;.268877648;.226182016;.154584564;Proximal promoter;CpG islands;3.32E-06
cg15053322;chr22;30867939;30867939;.663985722;.621590744;.370953603;Proximal promoter;Non CGI;2.33E-11
cg15161225;chr22;36013678;36013678;.86490373;.675751281;.36977376;Proximal promoter;Non CGI;5.82E-14
cg15170942;chr22;22058203;22058203;.88088356;.681594402;.826762729;Gene body;CpG islands;1.42E-06
cg15187790;chr22;48916910;48916910;.81823965;.637668749;.445612073;Gene body;Non CGI;6.57E-11
cg15223899;chr22;24891158;24891158;.813333098;.520714108;.524611892;Proximal promoter;CpG islands;6.48E-08
cg15245051;chr22;36563117;36563117;.336542254;.681081714;.636412658;Proximal promoter;Non CGI;9.7E-10
cg15271026;chr22;37494173;37494173;.866132593;.76257639;.669089787;Gene body;CpG islands;9.94E-07
cg15271942;chr22;49138341;49138341;.955102905;.970016067;.973241613;Gene body;CpG islands;1.75E-06
cg15348974;chr22;37678548;37678548;.103513724;.378576776;.412351134;Proximal promoter;Non CGI;6.67E-11
cg15376996;chr22;50912555;50912555;.42364809;.147313896;.1060634;Gene body;CpG islands;1.09E-09
cg15381251;chr22;32555275;32555275;.866424319;.72246018;.68520172;Proximal promoter;Non CGI;1.37E-09
cg15397577;chr22;39910060;39910060;.757739674;.618496861;.711833969;Gene body;Non CGI;1.98E-06
cg15448245;chr22;24641654;24641654;.698316096;.491449421;.574333634;Proximal promoter;Non CGI;9.7E-07
cg15487105;chr22;19744051;19744051;.083742893;.120499408;.44572557;Proximal promoter;CpG islands;4.16E-09
cg15504662;chr22;31644160;31644160;.204270216;.395852123;.408302696;Proximal promoter;Non CGI;1.28E-06
cg15612436;chr22;43897902;43897902;.637157553;.527620207;.472569716;Gene body;Non CGI;8.87E-07
cg15716373;chr22;36655542;36655542;.307566052;.177925896;.544305929;Gene body;Non CGI;2.75E-09
cg15728692;chr22;51135736;51135736;.81216132;.491590449;.356085201;Gene body;CpG islands;1.66E-14
cg15800010;chr22;27026332;27026332;.906401162;.823111469;.52020033;Gene body;Non CGI;5.14E-13
cg15818715;chr22;44577211;44577211;.074683431;.478458951;.751230742;Proximal promoter;Non CGI;1.02E-15
cg15906007;chr22;38890714;38890714;.230707317;.485688698;.569662483;Gene body;Non CGI;1.95E-09
cg16047117;chr22;42470063;42470063;.485925497;.204818745;.143137731;Proximal promoter;CpG islands;1.97E-06
cg16054907;chr22;50706065;50706065;.812784918;.518047105;.352831888;Gene body;CpG islands;3.68E-12
cg16066354;chr22;39417451;39417451;.084110175;.123934645;.522391717;Proximal promoter;Non CGI;5E-15
cg16076038;chr22;19744078;19744078;.301280879;.35277255;.591702563;Proximal promoter;CpG islands;3.55E-10
cg16166559;chr22;45072588;45072588;.193257396;.523463998;.626906819;Proximal promoter;Non CGI;3.71E-11
cg16210718;chr22;19711007;19711007;.031528686;.402206507;.591072171;Proximal promoter;CpG islands;1.04E-15
cg16232674;chr22;37309658;37309658;.113961542;.175362935;.508772987;Proximal promoter;Non CGI;1.62E-12
cg16264966;chr22;41613790;41613790;.124787478;.272646784;.509743635;Gene body;Non CGI;5.08E-11
cg16294310;chr22;50629110;50629110;.132166406;.256308576;.561880646;Gene body;CpG islands;2.21E-07
cg16308521;chr22;45580979;45580979;.851329985;.821499725;.704609081;Gene body;Non CGI;1.73E-08
cg16311410;chr22;31892793;31892793;.072708963;.078599429;.127836966;Gene body;CpG islands;5.85E-08
cg16472542;chr22;20020575;20020575;.828567559;.831669949;.775343669;Proximal promoter;Non CGI;2.79E-06
cg16483867;chr22;29426511;29426511;.108547788;.192863812;.361382034;Gene body;CpG islands;7.92E-07
cg16592832;chr22;24891141;24891141;.541142149;.222110578;.273331844;Proximal promoter;CpG islands;1.94E-08
cg16602417;chr22;19004088;19004088;.845501855;.7469131;.391012652;Proximal promoter;Non CGI;9.17E-14
cg16617543;chr22;47022654;47022654;.733484758;.752687217;.8209895;Proximal promoter;CpG islands;2.74E-06
cg16623710;chr22;45073049;45073049;.125141633;.391783412;.364740332;Proximal promoter;Non CGI;5.76E-13
cg16626480;chr22;25575426;25575426;.468026394;.403866011;.437012539;Gene body;CpG islands;2.84E-06
cg16627786;chr22;19711051;19711051;.109191174;.535000415;.637571631;Proximal promoter;CpG islands;1.37E-12
cg16662785;chr22;36246115;36246115;.897320292;.833495683;.384991529;Gene body;Non CGI;7.57E-14
cg16683414;chr22;21354248;21354248;.853627706;.849639572;.741096499;Gene body;CpG islands;7.07E-09
cg16722536;chr22;19744067;19744067;.228491826;.272832766;.492540538;Proximal promoter;CpG islands;4.69E-08
cg16753494;chr22;36058848;36058848;.825563034;.823145922;.70465287;Gene body;Non CGI;4.16E-06
cg16873414;chr22;44568699;44568699;.327150953;.717145995;.70615651;Proximal promoter;Non CGI;1.09E-09
cg16886487;chr22;50944575;50944575;.825987866;.74314748;.72917058;Gene body;CpG islands;6.73E-07
cg16887179;chr22;42348061;42348061;.740890908;.433044048;.278008593;Proximal promoter;Non CGI;8.06E-14
cg16891104;chr22;45681015;45681015;.492269237;.389322655;.27347143;Proximal promoter;CpG islands;1.6E-07
cg16894211;chr22;33403542;33403542;.890363922;.716204112;.800638782;Proximal promoter;Non CGI;2.04E-10
cg16919420;chr22;50644878;50644878;.836063445;.760800593;.622882246;Gene body;CpG islands;3.29E-07
cg16971128;chr22;37499859;37499859;.8218627;.422359843;.52744048;Proximal promoter;Non CGI;2.04E-12
cg16973406;chr22;43265991;43265991;.777057175;.813558042;.577262923;Gene body;CpG islands;1.58E-08
cg17013166;chr22;30961151;30961151;.825739537;.755981303;.818572826;Proximal promoter;Non CGI;9.54E-07
cg17035591;chr22;39437295;39437295;.334386776;.452467238;.602059722;Gene body;Non CGI;9.64E-11
cg17050616;chr22;50585229;50585229;.938418847;.540266286;.48574153;Proximal promoter;Non CGI;2.48E-15
cg17088007;chr22;37458698;37458698;.667487586;.747459783;.784485783;Gene body;Non CGI;6.5E-08
cg17119930;chr22;20785765;20785765;.11239761;.407800256;.346060182;Gene body;CpG islands;5.49E-10
cg17133446;chr22;26961427;26961427;.873014802;.854590343;.777845633;Proximal promoter;Non CGI;3.06E-07
cg17143462;chr22;37398449;37398449;.654674048;.772178569;.852774683;Gene body;Non CGI;6.31E-08
cg17152214;chr22;38840050;38840050;.730310072;.581820061;.644902719;Proximal promoter;Non CGI;5.66E-07
cg17153426;chr22;24640743;24640743;.684816569;.521664371;.51719239;Proximal promoter;Non CGI;1.13E-06
cg17163767;chr22;36682850;36682850;.696669171;.504530294;.311629943;Gene body;Non CGI;1.19E-10
cg17169998;chr22;50524124;50524124;.063911333;.467691331;.666461384;Proximal promoter;Non CGI;2.71E-16
cg17182184;chr22;27014006;27014006;.179910115;.518046685;.736757267;Proximal promoter;Non CGI;1.29E-12
cg17333767;chr22;17680561;17680561;.873132957;.483148857;.37997806;Proximal promoter;Non CGI;1.31E-12
cg17347063;chr22;36043021;36043021;.843906535;.529131234;.349635181;Proximal promoter;Non CGI;4.26E-06
cg17505463;chr22;18780198;18780198;.701500174;.762943514;.832010462;Proximal promoter;Non CGI;5.33E-06
cg17519899;chr22;36682868;36682868;.670587642;.466503759;.359980051;Gene body;Non CGI;8.71E-10
cg17524478;chr22;43623494;43623494;.689700806;.516698324;.59209761;Gene body;CpG islands;1.21E-06
cg17527673;chr22;20783497;20783497;.203378843;.728656912;.884674098;Gene body;CpG islands;4.82E-18
cg17542751;chr22;44568725;44568725;.218580562;.560831276;.370805655;Proximal promoter;Non CGI;5.76E-10
cg17575915;chr22;37414442;37414442;.863765319;.734171965;.513718684;Proximal promoter;CpG islands;1.85E-12
cg17589449;chr22;31588863;31588863;.867140508;.74174649;.741542984;Gene body;Non CGI;9.55E-08
cg17610933;chr22;40051596;40051596;.728148834;.586152662;.518654019;Gene body;Non CGI;4.87E-06
cg17699374;chr22;37403802;37403802;.077429165;.418582516;.54410902;Proximal promoter;Non CGI;5.69E-14
cg17745234;chr22;37499649;37499649;.641800187;.438592639;.447667025;Proximal promoter;Non CGI;9.7E-07
cg17802464;chr22;30868156;30868156;.734653823;.641204933;.403292878;Proximal promoter;Non CGI;7.46E-08
cg17838773;chr22;38506623;38506623;.815290163;.699542861;.563636408;Proximal promoter;Non CGI;3.86E-08
cg17887427;chr22;19166691;19166691;.080415174;.080177634;.183318169;Proximal promoter;CpG islands;6.37E-07
cg17972162;chr22;39496387;39496387;.647803035;.682313924;.525661605;Gene body;Non CGI;1.92E-07
cg18003231;chr22;18043745;18043745;.903068325;.670817211;.367647989;Gene body;Non CGI;9.42E-16
cg18045395;chr22;20103778;20103778;.538597887;.414728167;.279383631;Proximal promoter;CpG islands;5.39E-10
cg18053607;chr22;31518963;31518963;.582216475;.290889261;.138728208;Proximal promoter;Non CGI;3.39E-10
cg18072282;chr22;37976192;37976192;.157522412;.461803341;.768545366;Proximal promoter;Non CGI;1.07E-11
cg18093120;chr22;50523955;50523955;.089722764;.39351745;.679319735;Proximal promoter;Non CGI;8.19E-15
cg18133934;chr22;23523310;23523310;.108869502;.1521863;.366087055;Gene body;CpG islands;8.35E-15
cg18166947;chr22;18189443;18189443;.087195185;.167475322;.341227442;Proximal promoter;Non CGI;7.56E-08
cg18171392;chr22;24938255;24938255;.370110869;.514770386;.392115019;Gene body;Non CGI;4.08E-06
cg18265887;chr22;37640250;37640250;.023015586;.031545977;.148844015;Proximal promoter;Non CGI;3.68E-09
cg18396403;chr22;38615368;38615368;.297007877;.496645469;.651224153;Gene body;Non CGI;1.62E-08
cg18449596;chr22;25595665;25595665;.455674178;.590194472;.701505501;Proximal promoter;Non CGI;9.62E-12
cg18520517;chr22;22875038;22875038;.836206582;.59235357;.633301528;Proximal promoter;Non CGI;1.69E-09
cg18533225;chr22;50986813;50986813;.479417018;.359173718;.282423836;Proximal promoter;CpG islands;4.11E-07
cg18545596;chr22;40322629;40322629;.178138898;.388873729;.527460208;Gene body;Non CGI;1.69E-07
cg18546437;chr22;37308423;37308423;.764580012;.539465806;.559342465;Proximal promoter;Non CGI;7.19E-10
cg18555433;chr22;32598479;32598479;.109176977;.1948397;.212562033;Proximal promoter;Non CGI;3.16E-06
cg18576206;chr22;44392384;44392384;.41122241;.634483412;.797934218;Gene body;CpG islands;1.77E-11
cg18613324;chr22;36236760;36236760;.586548018;.284111992;.193822583;Proximal promoter;Non CGI;2.33E-12
cg18614510;chr22;47081903;47081903;.494902473;.552631722;.753890804;Gene body;CpG islands;1.61E-07
cg18659081;chr22;44588350;44588350;.481292601;.776745286;.841871521;Gene body;Non CGI;4.12E-06
cg18659153;chr22;29710531;29710531;.098787006;.151332151;.320982055;Gene body;CpG islands;2.5E-09
cg18696237;chr22;39491975;39491975;.637355616;.600972611;.465602223;Proximal promoter;Non CGI;4.91E-07
cg18702971;chr22;29920546;29920546;.496653775;.463029591;.331711308;Gene body;Non CGI;1.66E-07
cg18707706;chr22;39428376;39428376;.686233322;.53790176;.47723991;Gene body;Non CGI;3.21E-11
cg18731680;chr22;19953712;19953712;.378207319;.704339611;.718807405;Gene body;Non CGI;4.61E-08
cg18851100;chr22;51158550;51158550;.878933688;.471556185;.323054361;Gene body;CpG islands;2.41E-17
cg18855195;chr22;45828264;45828264;.525478279;.738457549;.88362619;Gene body;Non CGI;1.37E-06
cg18869709;chr22;43342938;43342938;.622158541;.91175578;.669984155;Proximal promoter;Non CGI;1.02E-06
cg18895476;chr22;26962071;26962071;.397623511;.876738613;.841898151;Proximal promoter;Non CGI;1.98E-14
cg18919659;chr22;43343084;43343084;.663015951;.649521443;.439353728;Proximal promoter;Non CGI;2.98E-09
cg18946437;chr22;25335346;25335346;.83208553;.655709313;.602607987;Proximal promoter;Non CGI;1.65E-10
cg19018155;chr22;30662799;30662799;.149711068;.544155126;.667376135;Proximal promoter;Non CGI;2.69E-16
cg19092981;chr22;19751654;19751654;.532207235;.618970464;.796651215;Gene body;CpG islands;3.51E-06
cg19112186;chr22;51016638;51016638;.652320772;.451242653;.243738895;Proximal promoter;CpG islands;3.58E-08
cg19194233;chr22;50523801;50523801;.10915076;.297663428;.406906215;Proximal promoter;Non CGI;3.31E-11
cg19203800;chr22;49088904;49088904;.933571919;.800603164;.891167475;Gene body;CpG islands;1.3E-06
cg19205909;chr22;42353671;42353671;.17540255;.306799719;.351742031;Gene body;CpG islands;1.62E-09
cg19213744;chr22;50585216;50585216;.913900967;.51528548;.465182109;Proximal promoter;Non CGI;7.34E-14
cg19214594;chr22;50629038;50629038;.16815071;.255038672;.553765788;Gene body;CpG islands;1.61E-06
cg19333614;chr22;39449298;39449298;.945457825;.938962486;.801125193;Gene body;Non CGI;1.29E-09
cg19374089;chr22;41970954;41970954;.816479097;.541921305;.673758489;Gene body;Non CGI;1.75E-13
cg19414598;chr22;38965745;38965745;.082177404;.106810908;.25677239;Proximal promoter;CpG islands;9.39E-07
cg19452173;chr22;47074778;47074778;.940956635;.81773694;.89308964;Gene body;CpG islands;1.05E-09
cg19459056;chr22;36014303;36014303;.67421198;.688748883;.831756591;Proximal promoter;Non CGI;5.33E-06
cg19558972;chr22;23922378;23922378;.340444019;.566685444;.677932721;Proximal promoter;Non CGI;6.36E-09
cg19603134;chr22;44577240;44577240;.056107663;.283139181;.678714086;Proximal promoter;Non CGI;4.35E-15
cg19629120;chr22;43924705;43924705;.725688119;.604094123;.648375645;Gene body;Non CGI;1.47E-06
cg19650920;chr22;29834697;29834697;.754014458;.835542884;.85226708;Proximal promoter;Non CGI;3.24E-06
cg19653345;chr22;44577222;44577222;.100021416;.441502782;.73029127;Proximal promoter;Non CGI;5.25E-14
cg19657174;chr22;19746268;19746268;.264376275;.385508223;.642824619;Gene body;CpG islands;3.35E-08
cg19750606;chr22;32854329;32854329;.472977304;.639131308;.77172678;Proximal promoter;Non CGI;3.27E-08
cg19751930;chr22;37678222;37678222;.37050217;.556025614;.675737075;Proximal promoter;Non CGI;3.31E-06
cg19755003;chr22;46489736;46489736;.771611495;.465738527;.27829801;Gene body;Non CGI;4.69E-14
cg19802639;chr22;39263202;39263202;.839170715;.633113462;.644844564;Gene body;CpG islands;4.24E-09
cg19816290;chr22;19701515;19701515;.508845112;.336557472;.327937689;Proximal promoter;CpG islands;5.46E-07
cg19855777;chr22;24829716;24829716;.756210552;.775908936;.607305415;Gene body;Non CGI;1.23E-06
cg19863740;chr22;44576869;44576869;.168673532;.630410242;.733551245;Proximal promoter;Non CGI;4.63E-19
cg19894402;chr22;50529783;50529783;.861209311;.632644769;.637399704;Gene body;CpG islands;3.17E-11
cg19925512;chr22;32750881;32750881;.840620634;.636616608;.777014393;Proximal promoter;Non CGI;1.38E-10
cg19927741;chr22;18640441;18640441;.821779091;.44903116;.459057375;Gene body;Non CGI;7.48E-09
cg19928997;chr22;24642243;24642243;.582519669;.422173282;.374989917;Proximal promoter;Non CGI;1.23E-11
cg20017381;chr22;37320126;37320126;.629369852;.560491213;.498434755;Gene body;Non CGI;1.56E-08
cg20042116;chr22;24655654;24655654;.113473631;.224321295;.359516749;Gene body;Non CGI;3.46E-10
cg20045040;chr22;22052942;22052942;.722764475;.363528177;.538795065;Gene body;Non CGI;2.16E-11
cg20061654;chr22;45608492;45608492;.896411388;.328742206;.18207886;Proximal promoter;Non CGI;5.5E-13
cg20076516;chr22;46481816;46481816;.860145101;.506248876;.447099573;Proximal promoter;CpG islands;1.9E-07
cg20078807;chr22;45608713;45608713;.876564432;.500710093;.420994379;Proximal promoter;Non CGI;6.06E-15
cg20120491;chr22;38965934;38965934;.115699568;.122506139;.255169085;Proximal promoter;CpG islands;9.32E-10
cg20194595;chr22;39640441;39640441;.198830121;.117913054;.084494005;Gene body;CpG islands;1.13E-06
cg20207973;chr22;38506712;38506712;.807285096;.617668608;.364893111;Proximal promoter;Non CGI;3.93E-10
cg20255723;chr22;45073031;45073031;.141087669;.553406419;.542474921;Proximal promoter;Non CGI;4.31E-15
cg20271511;chr22;17566989;17566989;.116774124;.156724816;.58030888;Gene body;CpG islands;7.56E-15
cg20326580;chr22;41078015;41078015;.782072357;.854310147;.857140674;Gene body;Non CGI;1.88E-06
cg20331457;chr22;22288559;22288559;.884080025;.888806167;.610323984;Gene body;CpG islands;2.32E-10
cg20339720;chr22;45072491;45072491;.20764823;.576418441;.650851971;Proximal promoter;Non CGI;1.34E-09
cg20376123;chr22;46760595;46760595;.703663668;.486537928;.468668571;Gene body;CpG islands;4.68E-08
cg20381060;chr22;19318659;19318659;.889072202;.896058307;.638827014;Gene body;Non CGI;1.05E-10
cg20403031;chr22;22874590;22874590;.863756056;.663595293;.712505547;Proximal promoter;Non CGI;3.71E-07
cg20435485;chr22;50753068;50753068;.079758474;.522492753;.700153118;Gene body;Non CGI;4.97E-14
cg20439022;chr22;38478787;38478787;.213512441;.494633754;.523140087;Proximal promoter;CpG islands;5.19E-09
cg20476019;chr22;33157881;33157881;.23593457;.523295767;.826942479;Gene body;Non CGI;1.11E-10
cg20486417;chr22;25574877;25574877;.700495499;.780409771;.809683787;Gene body;CpG islands;1.09E-06
cg20501434;chr22;30868167;30868167;.74328717;.636454474;.383558908;Proximal promoter;Non CGI;1.19E-06
cg20571453;chr22;35670360;35670360;.810832178;.844077822;.374378908;Gene body;Non CGI;1.31E-12
cg20623350;chr22;40289840;40289840;.489941897;.617403392;.77405132;Proximal promoter;Non CGI;2.87E-08
cg20638429;chr22;24979642;24979642;.759477684;.507698065;.373418537;Proximal promoter;Non CGI;2.42E-12
cg20647005;chr22;25049097;25049097;.851072979;.801187394;.674262142;Gene body;Non CGI;1.37E-07
cg20698113;chr22;50357214;50357214;.805593662;.576912449;.638615482;Gene body;CpG islands;1.17E-07
cg20709110;chr22;19946873;19946873;.665615709;.412383622;.680119934;Gene body;Non CGI;5.39E-08
cg20728514;chr22;44568423;44568423;.31118404;.477314949;.524612565;Proximal promoter;Non CGI;1.01E-06
cg20742981;chr22;31644190;31644190;.225417786;.434357031;.479848027;Proximal promoter;Non CGI;2.49E-07
cg20746101;chr22;50725470;50725470;.745989686;.839724044;.886937187;Gene body;CpG islands;2.08E-07
cg20758098;chr22;24224821;24224821;.848070956;.861038691;.668097235;Gene body;CpG islands;1.55E-09
cg20806180;chr22;39852862;39852862;.859512692;.266884274;.257850596;Proximal promoter;CpG islands;8.32E-12
cg20810072;chr22;50927976;50927976;.939207262;.864482805;.757220841;Gene body;Non CGI;1.68E-08
cg20956278;chr22;38478457;38478457;.085254358;.240288404;.378409028;Gene body;CpG islands;1.23E-08
cg20979921;chr22;37584018;37584018;.854864741;.320721531;.47243436;Proximal promoter;Non CGI;2.64E-09
cg21009747;chr22;36681341;36681341;.963603929;.941336379;.807478588;Gene body;Non CGI;1.42E-07
cg21046160;chr22;24105147;24105147;.149722561;.145395267;.285527278;Proximal promoter;Non CGI;1.24E-06
cg21090075;chr22;38478322;38478322;.396772017;.510150561;.65250402;Gene body;CpG islands;6.95E-09
cg21144941;chr22;17680575;17680575;.923572244;.419943015;.312057836;Proximal promoter;Non CGI;3.18E-13
cg21209356;chr22;37319042;37319042;.839300818;.776114574;.708781348;Gene body;Non CGI;1.11E-06
cg21220614;chr22;43266108;43266108;.964721257;.968515669;.625466654;Gene body;CpG islands;2.05E-11
cg21268578;chr22;38029478;38029478;.131752504;.311476817;.552590499;Gene body;Non CGI;2.67E-08
cg21271753;chr22;37499451;37499451;.579131922;.376095383;.353876989;Proximal promoter;Non CGI;4.4E-10
cg21274025;chr22;31535981;31535981;.775247462;.501538855;.441031921;Proximal promoter;Non CGI;2.76E-15
cg21299458;chr22;20779896;20779896;.176047259;.54688962;.71926981;Gene body;CpG islands;7.77E-13
cg21307484;chr22;37546220;37546220;.394599328;.553068944;.582858453;Proximal promoter;Non CGI;4.42E-07
cg21428954;chr22;46760505;46760505;.924514378;.775693067;.819131459;Gene body;CpG islands;8.3E-07
cg21450723;chr22;46482009;46482009;.801792364;.384120269;.336453021;Proximal promoter;CpG islands;1.01E-10
cg21461856;chr22;39852666;39852666;.801080869;.567787318;.646176486;Proximal promoter;CpG islands;1.09E-07
cg21461927;chr22;36697043;36697043;.887667479;.809270831;.791435827;Gene body;Non CGI;2.96E-07
cg21494097;chr22;34046427;34046427;.796495601;.793543984;.886287264;Gene body;CpG islands;1.88E-06
cg21504353;chr22;24577288;24577288;.767886417;.510132511;.403719443;Proximal promoter;Non CGI;7.56E-15
cg21506509;chr22;28194981;28194981;.824542134;.566099012;.287851397;Gene body;CpG islands;5.2E-12
cg21517904;chr22;19747026;19747026;.186584606;.335633057;.490581784;Gene body;CpG islands;1.67E-06
cg21538216;chr22;44577063;44577063;.090542864;.383156366;.330770463;Proximal promoter;Non CGI;4.67E-12
cg21563049;chr22;18386798;18386798;.849943096;.660189227;.411107981;Gene body;Non CGI;7.12E-12
cg21584430;chr22;24829462;24829462;.765240255;.696365701;.466305707;Gene body;Non CGI;1.24E-09
cg21604856;chr22;22874677;22874677;.6177433;.387664236;.285283619;Proximal promoter;Non CGI;2.07E-10
cg21625563;chr22;39152448;39152448;.108944059;.115618889;.222393882;Proximal promoter;CpG islands;4.23E-07
cg21629591;chr22;20783896;20783896;.093971902;.641387491;.763577805;Gene body;CpG islands;3.37E-18
cg21736592;chr22;37678450;37678450;.10040157;.215387167;.288035614;Proximal promoter;Non CGI;3.05E-07
cg21830459;chr22;17680563;17680563;.943952688;.410556276;.280900125;Proximal promoter;Non CGI;1.1E-13
cg21840875;chr22;39910631;39910631;.558579512;.387764643;.399739397;Gene body;Non CGI;1.51E-09
cg21874862;chr22;50644682;50644682;.854865237;.826252228;.687482214;Gene body;CpG islands;9.29E-07
cg21881327;chr22;24979569;24979569;.802120345;.674262026;.54672372;Proximal promoter;Non CGI;4.91E-07
cg21905167;chr22;19949585;19949585;.860771297;.830469474;.714132936;Proximal promoter;Non CGI;8.98E-10
cg21910543;chr22;19744062;19744062;.264212674;.323399423;.594653319;Proximal promoter;CpG islands;1.97E-09
cg21919834;chr22;19948833;19948833;.869729653;.876220488;.732238632;Proximal promoter;Non CGI;3.03E-08
cg21935981;chr22;45608465;45608465;.887605775;.245560321;.122660306;Proximal promoter;Non CGI;2.22E-14
cg21949305;chr22;24828655;24828655;.893542128;.534413325;.498174759;Gene body;Non CGI;6.6E-12
cg22014770;chr22;24896702;24896702;.876326564;.824336659;.463914789;Gene body;Non CGI;8.25E-13
cg22041137;chr22;39709853;39709853;.701808023;.656006938;.225821642;Proximal promoter;Non CGI;7.21E-09
cg22088368;chr22;37404888;37404888;.291897169;.59340781;.771890949;Proximal promoter;Non CGI;5.6E-10
cg22091609;chr22;20780508;20780508;.404986836;.620763103;.796996966;Gene body;CpG islands;8.1E-07
cg22122449;chr22;51176711;51176711;.714269386;.756328077;.501711108;Proximal promoter;Non CGI;2.64E-06
cg22123459;chr22;25003499;25003499;.344784189;.576076154;.547073669;Proximal promoter;Non CGI;6.84E-11
cg22126047;chr22;19003887;19003887;.867934533;.760106733;.370574154;Proximal promoter;Non CGI;7.51E-14
cg22149588;chr22;30736610;30736610;.752584038;.697560678;.469582368;Gene body;Non CGI;9.99E-13
cg22249529;chr22;50985797;50985797;.609044572;.357706817;.193623256;Proximal promoter;CpG islands;2.52E-07
cg22304285;chr22;41634744;41634744;.79826419;.839936751;.870349937;Gene body;CpG islands;4.01E-07
cg22445712;chr22;50738550;50738550;.44609636;.513039847;.670390685;Gene body;CpG islands;2.09E-07
cg22471129;chr22;30868226;30868226;.576072287;.589441024;.420248908;Proximal promoter;Non CGI;7.34E-07
cg22482801;chr22;29724443;29724443;.774255006;.799541291;.685676911;Gene body;Non CGI;2.41E-06
cg22488367;chr22;45608448;45608448;.829334364;.31000823;.14934968;Proximal promoter;Non CGI;2.44E-14
cg22504180;chr22;48977277;48977277;.966558693;.87105716;.48242365;Gene body;CpG islands;1.51E-11
cg22504528;chr22;26951369;26951369;.887413148;.864088458;.41506345;Proximal promoter;Non CGI;1.71E-16
cg22511321;chr22;38013333;38013333;.80843257;.715361659;.725170529;Gene body;Non CGI;8.46E-07
cg22546130;chr22;19950026;19950026;.551835549;.565266913;.352433093;Proximal promoter;Non CGI;2.45E-06
cg22576083;chr22;38885964;38885964;.864903741;.740119381;.776283019;Gene body;Non CGI;1.74E-06
cg22576171;chr22;44709614;44709614;.824050445;.804402011;.719321951;Proximal promoter;Non CGI;1.12E-06
cg22609522;chr22;46403218;46403218;.164919222;.278293371;.509767766;Gene body;Non CGI;1.63E-09
cg22643740;chr22;37640514;37640514;.095272854;.17007412;.262792262;Proximal promoter;Non CGI;1.81E-09
cg22663995;chr22;24921616;24921616;.06958664;.084068439;.208780984;Gene body;Non CGI;6.02E-08
cg22803285;chr22;25335583;25335583;.598774032;.489359923;.402844216;Proximal promoter;Non CGI;4.73E-06
cg22815534;chr22;17646263;17646263;.778467915;.75024244;.59546069;Proximal promoter;Non CGI;1.28E-07
cg22829799;chr22;47074810;47074810;.966989957;.78703299;.850431754;Gene body;CpG islands;2.17E-09
cg22847608;chr22;27017854;27017854;.703933293;.538816903;.556898731;Proximal promoter;Non CGI;5.57E-06
cg22882543;chr22;22868585;22868585;.874760556;.829719386;.503140184;Gene body;Non CGI;7.06E-13
cg22887880;chr22;24577223;24577223;.91333932;.540395475;.566750955;Proximal promoter;Non CGI;1.55E-12
cg22902400;chr22;39473197;39473197;.034950427;.038418136;.147839723;Proximal promoter;Non CGI;4.64E-06
cg22906524;chr22;19960525;19960525;.620839489;.532144841;.454329342;Gene body;CpG islands;1.26E-09
cg22910462;chr22;17680578;17680578;.886539067;.360776576;.203403953;Proximal promoter;Non CGI;7.53E-15
cg22910549;chr22;50985117;50985117;.809277542;.625273688;.557238274;Proximal promoter;CpG islands;1.56E-07
cg22920258;chr22;41074803;41074803;.722044695;.651851866;.38159501;Proximal promoter;Non CGI;2.51E-11
cg22926842;chr22;42336869;42336869;.411554515;.533841855;.646580871;Proximal promoter;Non CGI;4.35E-06
cg22996718;chr22;26138213;26138213;.749205501;.747691175;.457063295;Proximal promoter;Non CGI;6.62E-10
cg23095729;chr22;20019674;20019674;.568014363;.831617801;.871010119;Proximal promoter;Non CGI;5E-07
cg23095812;chr22;36013444;36013444;.885700438;.754495492;.42570062;Proximal promoter;Non CGI;6.68E-13
cg23109261;chr22;36691016;36691016;.870630638;.756627109;.747329744;Gene body;Non CGI;2.82E-08
cg23109891;chr22;38379218;38379218;.82541462;.545135124;.774612438;Gene body;CpG islands;5.65E-07
cg23122901;chr22;19880135;19880135;.514206547;.555631426;.752839546;Gene body;Non CGI;1.9E-08
cg23124451;chr22;39548131;39548131;.479029998;.311186274;.243943623;Proximal promoter;CpG islands;3.23E-08
cg23349242;chr22;24577448;24577448;.610552818;.402840215;.29707787;Proximal promoter;Non CGI;9.8E-08
cg23363526;chr22;25003552;25003552;.421165021;.636569137;.692464698;Proximal promoter;Non CGI;2.23E-11
cg23375068;chr22;50925113;50925113;.632052754;.393292247;.514809226;Proximal promoter;Non CGI;3.22E-10
cg23383138;chr22;30885012;30885012;.801246344;.734429665;.615389316;Gene body;Non CGI;8.35E-08
cg23413278;chr22;40052452;40052452;.663749489;.500542784;.343781102;Gene body;Non CGI;1.84E-12
cg23441595;chr22;37273987;37273987;.344566507;.171132396;.222388814;Gene body;Non CGI;3.57E-07
cg23575049;chr22;25019412;25019412;.650703215;.682195725;.763441954;Gene body;Non CGI;1.73E-07
cg23626763;chr22;17681439;17681439;.852113548;.672258413;.629467757;Proximal promoter;Non CGI;6.39E-08
cg23711867;chr22;24701817;24701817;.823314997;.904649691;.893246084;Gene body;Non CGI;6.16E-07
cg23755154;chr22;50705407;50705407;.852749872;.780278234;.547354473;Gene body;CpG islands;7.72E-13
cg23787873;chr22;19710909;19710909;.115042363;.537795009;.709527981;Proximal promoter;CpG islands;1.98E-14
cg23790567;chr22;36003390;36003390;.806459767;.841567812;.646052072;Gene body;Non CGI;5.54E-07
cg23820560;chr22;26137738;26137738;.840186572;.862841067;.438860983;Proximal promoter;Non CGI;1.43E-14
cg23835646;chr22;37976063;37976063;.246890516;.638601748;.78868682;Proximal promoter;Non CGI;1.11E-16
cg23889684;chr22;36556813;36556813;.182516813;.114932416;.547708004;Proximal promoter;Non CGI;3.39E-12
cg23896685;chr22;29451551;29451551;.876725351;.729642434;.316309562;Gene body;Non CGI;1.26E-16
cg23896816;chr22;39473253;39473253;.080587099;.081117513;.12020759;Proximal promoter;Non CGI;5.33E-06
cg23944102;chr22;45330386;45330386;.616552787;.703116671;.805509678;Gene body;Non CGI;5.66E-06
cg24019054;chr22;45072455;45072455;.116996092;.296150094;.397986746;Proximal promoter;Non CGI;2.68E-08
cg24035545;chr22;26137989;26137989;.624264058;.579880924;.372149494;Proximal promoter;Non CGI;1.62E-09
cg24054871;chr22;45073148;45073148;.206452657;.640343065;.707636192;Proximal promoter;Non CGI;9.6E-11
cg24074477;chr22;17956455;17956455;.533869748;.426744071;.273610487;Proximal promoter;Non CGI;6.16E-07
cg24117676;chr22;37308215;37308215;.8929856;.728462381;.68277705;Proximal promoter;Non CGI;8.11E-11
cg24127748;chr22;17680531;17680531;.885584277;.312025668;.242681429;Proximal promoter;Non CGI;2.17E-11
cg24136754;chr22;37403978;37403978;.184874495;.41492771;.557442469;Proximal promoter;Non CGI;1.01E-12
cg24157349;chr22;47081751;47081751;.343608436;.563871383;.777687565;Gene body;CpG islands;2.32E-09
cg24214883;chr22;24981791;24981791;.773403132;.845010709;.871882168;Gene body;Non CGI;7.63E-07
cg24228559;chr22;51044053;51044053;.606230288;.759333216;.803650351;Gene body;CpG islands;9.18E-10
cg24260710;chr22;42296082;42296082;.777800543;.847456024;.462320535;Proximal promoter;Non CGI;3.47E-09
cg24289553;chr22;20400015;20400015;.868703694;.675048924;.818296193;Proximal promoter;Non CGI;2.84E-06
cg24345184;chr22;19751899;19751899;.481402613;.630414653;.715294025;Gene body;CpG islands;4.16E-10
cg24360617;chr22;39353495;39353495;.131032966;.505214072;.462250388;Proximal promoter;Non CGI;1.02E-13
cg24363820;chr22;51016703;51016703;.58289142;.401472748;.23737199;Proximal promoter;CpG islands;3.84E-07
cg24408469;chr22;46770440;46770440;.097114059;.426167356;.501136122;Gene body;CpG islands;3.02E-12
cg24531396;chr22;36013560;36013560;.653448605;.644866998;.335515808;Proximal promoter;Non CGI;2.93E-10
cg24714094;chr22;23467005;23467005;.878136747;.609224227;.501202215;Gene body;Non CGI;7.08E-14
cg24727122;chr22;30662972;30662972;.097281844;.49468225;.574276298;Proximal promoter;Non CGI;1.84E-15
cg24731441;chr22;46481822;46481822;.680087791;.331165719;.229320573;Proximal promoter;CpG islands;2.41E-08
cg24753662;chr22;19746984;19746984;.157055332;.358169768;.542140485;Gene body;CpG islands;1.1E-06
cg24849633;chr22;51142900;51142900;.503950079;.632237037;.729354038;Gene body;CpG islands;4.75E-06
cg24858279;chr22;39267540;39267540;.109820543;.233415731;.490506648;Gene body;CpG islands;7.85E-13
cg24867501;chr22;50925337;50925337;.698225357;.671453021;.778946677;Proximal promoter;Non CGI;2.7E-08
cg24889693;chr22;39709954;39709954;.790903615;.67653533;.318223728;Proximal promoter;Non CGI;2.27E-17
cg24918790;chr22;20785148;20785148;.167412294;.574982161;.512669954;Gene body;CpG islands;2.44E-14
cg24926361;chr22;19136922;19136922;.308133892;.229786027;.167860885;Gene body;CpG islands;4.24E-07
cg24929834;chr22;29457241;29457241;.850442563;.671860792;.818901441;Gene body;Non CGI;6.12E-11
cg24974982;chr22;46403316;46403316;.669153019;.395806619;.640002916;Gene body;Non CGI;9.39E-10
cg25013838;chr22;26137524;26137524;.84495626;.85049912;.505187014;Proximal promoter;Non CGI;3.78E-13
cg25036527;chr22;36123779;36123779;.791079498;.72597445;.317573485;Gene body;Non CGI;2.06E-13
cg25037461;chr22;24181268;24181268;.093328902;.208869185;.240371368;Proximal promoter;CpG islands;1.4E-07
cg25037841;chr22;20237341;20237341;.812345051;.540595476;.36985002;Proximal promoter;Non CGI;5.29E-14
cg25127852;chr22;50523703;50523703;.092969297;.46212323;.561741229;Proximal promoter;Non CGI;9.43E-10
cg25221625;chr22;25595955;25595955;.890940307;.772087856;.786498105;Proximal promoter;Non CGI;2.02E-08
cg25246692;chr22;37545924;37545924;.122519941;.212441736;.281885648;Proximal promoter;Non CGI;7.49E-10
cg25269404;chr22;29542310;29542310;.757284999;.769150697;.491117589;Gene body;Non CGI;3.04E-10
cg25330366;chr22;22599189;22599189;.180198083;.318467721;.413555253;Proximal promoter;Non CGI;4.9E-09
cg25338000;chr22;49088851;49088851;.780560453;.639254794;.782988102;Gene body;CpG islands;5.75E-07
cg25353896;chr22;44568753;44568753;.382675136;.678769819;.516524903;Proximal promoter;Non CGI;4.21E-08
cg25418528;chr22;21381565;21381565;.847416316;.708766695;.615186077;Gene body;Non CGI;5.1E-07
cg25497850;chr22;50655805;50655805;.887398647;.822993189;.737314922;Gene body;CpG islands;1.03E-07
cg25575883;chr22;18043394;18043394;.882209935;.710284782;.461702498;Proximal promoter;Non CGI;1.76E-11
cg25590527;chr22;24979254;24979254;.849432121;.697921884;.580538908;Proximal promoter;Non CGI;5.41E-12
cg25597784;chr22;37865644;37865644;.792792401;.459468052;.380546901;Gene body;Non CGI;5.16E-12
cg25635000;chr22;26952678;26952678;.859953534;.822661873;.519226846;Proximal promoter;Non CGI;2.72E-12
cg25665606;chr22;50986051;50986051;.759810545;.529016985;.485534593;Proximal promoter;CpG islands;8.1E-07
cg25666403;chr22;30662994;30662994;.075027362;.690177171;.871164617;Proximal promoter;Non CGI;6.64E-17
cg25676471;chr22;39633497;39633497;.242281274;.327085865;.519773421;Gene body;Non CGI;1.47E-06
cg25714060;chr22;26952493;26952493;.639783562;.7142552;.716146223;Proximal promoter;Non CGI;1.28E-06
cg25721982;chr22;19746156;19746156;.304553004;.351584748;.490803426;Gene body;CpG islands;3.39E-07
cg25739715;chr22;30663881;30663881;.164573732;.705157101;.856579861;Proximal promoter;Non CGI;8.06E-16
cg25750901;chr22;30869272;30869272;.419216998;.475396999;.525443;Proximal promoter;Non CGI;4.51E-07
cg25756470;chr22;37256947;37256947;.100582073;.317832024;.483656077;Proximal promoter;Non CGI;1.5E-13
cg25786785;chr22;37500694;37500694;.801472406;.633393988;.602579091;Proximal promoter;Non CGI;3.31E-08
cg25916307;chr22;29467684;29467684;.110544398;.127123308;.364316881;Proximal promoter;CpG islands;8.5E-10
cg25934700;chr22;50644755;50644755;.941858359;.929673685;.703459619;Gene body;CpG islands;4.09E-06
cg25937577;chr22;31536476;31536476;.563726985;.378197832;.308457863;Proximal promoter;Non CGI;2.1E-06
cg25940946;chr22;24181263;24181263;.049609341;.213133101;.218553959;Proximal promoter;CpG islands;1.02E-06
cg25979829;chr22;24998181;24998181;.721129724;.817456166;.847479667;Proximal promoter;Non CGI;7.37E-09
cg26028571;chr22;38172403;38172403;.774728203;.753428084;.859206328;Gene body;Non CGI;2.78E-08
cg26038465;chr22;38610514;38610514;.559155004;.576515476;.467410702;Gene body;CpG islands;1.11E-07
cg26076280;chr22;38885708;38885708;.886315689;.735332482;.80121331;Gene body;Non CGI;1.77E-07
cg26112317;chr22;45132994;45132994;.877040374;.755258465;.570930085;Gene body;CpG islands;5.04E-11
cg26143719;chr22;37584227;37584227;.747529747;.387266778;.532893896;Proximal promoter;Non CGI;8.87E-11
cg26185621;chr22;41832113;41832113;.871976134;.865278462;.745592898;Gene body;Non CGI;3.72E-07
cg26190233;chr22;50609610;50609610;.650232396;.462508529;.517746708;Proximal promoter;CpG islands;7.29E-09
cg26203383;chr22;40297048;40297048;.103193493;.607922788;.778586719;Proximal promoter;Non CGI;1.27E-15
cg26285749;chr22;22288508;22288508;.846555166;.844162906;.578680653;Gene body;CpG islands;1.63E-11
cg26371705;chr22;46507241;46507241;.8796045;.731409903;.590633494;Proximal promoter;Non CGI;3.13E-08
cg26373518;chr22;31518942;31518942;.372309217;.169557218;.085307956;Proximal promoter;Non CGI;1.18E-07
cg26427090;chr22;18217141;18217141;.123965184;.714297799;.846237261;Gene body;Non CGI;6.6E-14
cg26453588;chr22;43506021;43506021;.526389774;.339055809;.254626612;Proximal promoter;CpG islands;7.21E-08
cg26486070;chr22;25003675;25003675;.615506674;.796242705;.829110538;Proximal promoter;Non CGI;4.87E-08
cg26494782;chr22;25424194;25424194;.810350502;.853901692;.908164082;Proximal promoter;CpG islands;2.88E-07
cg26520942;chr22;19743892;19743892;.10658172;.134407854;.31347729;Proximal promoter;CpG islands;5.82E-06
cg26629730;chr22;43599560;43599560;.696436136;.533502793;.525671017;Gene body;Non CGI;2.68E-07
cg26646427;chr22;46770870;46770870;.563743396;.73925429;.824378094;Gene body;CpG islands;2.49E-09
cg26651950;chr22;37976179;37976179;.123460074;.479468425;.759525207;Proximal promoter;Non CGI;2.75E-16
cg26679348;chr22;37500722;37500722;.839772783;.787444179;.739959983;Proximal promoter;Non CGI;1.05E-08
cg26749543;chr22;36678401;36678401;.772807155;.573766087;.626480695;Gene body;Non CGI;1.51E-08
cg26758857;chr22;36649135;36649135;.051289411;.150603734;.251353534;Proximal promoter;Non CGI;2.33E-07
cg26782787;chr22;31835691;31835691;.83973448;.761168549;.589533224;Gene body;Non CGI;9.84E-10
cg26798772;chr22;41573126;41573126;.825230079;.850010755;.509935736;Gene body;Non CGI;1.91E-16
cg26799416;chr22;42611379;42611379;.905882316;.809537511;.883568908;Proximal promoter;Non CGI;1.64E-09
cg26815454;chr22;40296767;40296767;.389237929;.780221853;.849928014;Proximal promoter;Non CGI;2.13E-08
cg26954519;chr22;36014356;36014356;.7212016;.565761148;.366920146;Proximal promoter;Non CGI;2.83E-09
cg26967305;chr22;29563734;29563734;.10680744;.474851293;.698513322;Gene body;Non CGI;2.4E-14
cg26986147;chr22;30957711;30957711;.350568093;.287732463;.478012624;Gene body;Non CGI;1.05E-06
cg27046163;chr22;29456365;29456365;.676631865;.852909041;.908834061;Gene body;Non CGI;3.13E-11
cg27079726;chr22;46659317;46659317;.868164122;.735579595;.740746231;Proximal promoter;CpG islands;1.05E-07
cg27120833;chr22;43193524;43193524;.599714818;.775314184;.863705253;Gene body;Non CGI;8.89E-09
cg27200006;chr22;25003854;25003854;.2660659;.714774895;.827565395;Proximal promoter;Non CGI;1.11E-10
cg27228136;chr22;37608819;37608819;.765994326;.329328878;.162081562;Proximal promoter;Non CGI;1.68E-15
cg27306787;chr22;19879176;19879176;.02411954;.130516699;.299135133;Gene body;Non CGI;8.3E-10
cg27324619;chr22;31518860;31518860;.68812854;.399412061;.216498535;Proximal promoter;Non CGI;5.74E-11
cg27445278;chr22;26961465;26961465;.845247244;.835818062;.707729085;Proximal promoter;Non CGI;1.61E-09
cg27450867;chr22;42335021;42335021;.886758663;.851150949;.392304507;Gene body;Non CGI;7.06E-14
cg27502912;chr22;51017001;51017001;.617513398;.466010509;.305247685;Proximal promoter;CpG islands;1.21E-08
cg27504369;chr22;39353550;39353550;.200969;.721686306;.802780178;Proximal promoter;Non CGI;2.88E-14
cg27534599;chr22;17680477;17680477;.811607421;.325779631;.189660546;Proximal promoter;Non CGI;4.18E-15
cg27592453;chr22;44565030;44565030;.862897377;.783827182;.802722469;Gene body;Non CGI;4.46E-07
